user_login,user_pass,user_email,first_name,last_name,role
user0,yaidlyzyfx,user0@example.com,Qsgigo,Mrurndry,subscriber
user1,sdgytkmzfm,user1@example.com,Qiixni,Fljjlzbo,author
user2,tqpjzuoabt,user2@example.com,Qoefrz,Dsfuypsa,author
user3,cbdhgockpw,user3@example.com,Xbpwyg,Gusieriy,editor
user4,qlnqmgybal,user4@example.com,Wgczml,Rnkbynvb,subscriber
user5,lxtkpvoupz,user5@example.com,Fautph,Xdavxaom,subscriber
user6,xhwfphknoi,user6@example.com,Qshxtd,Xpxodaqr,editor
user7,qtcievhcge,user7@example.com,Gxwsfa,Jtbrvhpl,author
user8,vaicjbalnb,user8@example.com,Neldge,Mnkvxcmm,editor
user9,upbprbvvws,user9@example.com,Vkoyln,Qqfivvsb,subscriber
user10,lqmojoldyg,user10@example.com,Uxiizj,Qcrgautz,subscriber
user11,aekjkjgejy,user11@example.com,Khfnvb,Tpsntayl,subscriber
user12,zvjjmjqhey,user12@example.com,Kvysda,Ibmiyaty,editor
user13,znslmxfxvf,user13@example.com,Tvdgwy,Gejlszah,author
user14,bkeqhiglch,user14@example.com,Baqdho,Ehapktra,author
user15,jfjaizqpjt,user15@example.com,Tzidji,Ngvdqfks,editor
user16,fofetjjuhs,user16@example.com,Xopubd,Upydnutp,subscriber
user17,cljrotbxss,user17@example.com,Ohsrch,Ixbfzeaz,editor
user18,uhcpqjijbh,user18@example.com,Gkbifh,Doqfcmms,subscriber
user19,aogxqzgalh,user19@example.com,Ohlmgk,Lgeykpmv,subscriber
user20,hngxbpoqpx,user20@example.com,Epddma,Cklrstxz,editor
user21,bttybfgopu,user21@example.com,Vfynqh,Xebuolpr,editor
user22,cqjibpwfbl,user22@example.com,Meohju,Pzspgapo,author
user23,kzasdxfzjo,user23@example.com,Kfibtk,Iajxvfca,subscriber
user24,lmqasqxlar,user24@example.com,Mrxzyw,Etpwtlej,subscriber
user25,iekmabxnzt,user25@example.com,Edbwbb,Skjpgfij,author
user26,pjgxtxsocc,user26@example.com,Kgvsib,Ncxdemtc,editor
user27,spwnjmojcl,user27@example.com,Cekvuk,Emegcoyd,subscriber
user28,ubjfpuiniw,user28@example.com,Qvgral,Rcwohuaa,editor
user29,joxcrjhkkf,user29@example.com,Fhhnnd,Cjleqhfv,editor
user30,sdyodsakdi,user30@example.com,Vdesac,Sbrbqbne,editor
user31,qsmopxonee,user31@example.com,Iswaqg,Hqnmbrzf,subscriber
user32,npjzzyzstw,user32@example.com,Bchmuq,Udegxtex,subscriber
user33,nbbakordjm,user33@example.com,Rvaeby,Olzciatg,editor
user34,azzmumdcwg,user34@example.com,Etzhzv,Oskbibrn,author
user35,pqxwdmgmlk,user35@example.com,Qandyv,Wixsgjaw,editor
user36,crcmpfsfwh,user36@example.com,Jwrbax,Fvpmukup,editor
user37,lwyrsywqev,user37@example.com,Qeasdb,Tewdyelx,editor
user38,bbnjvrhyej,user38@example.com,Ubtoqp,Kkebbquz,author
user39,zzqxfptsvf,user39@example.com,Cmlevr,Tnmylrau,editor
user40,uzlalytcca,user40@example.com,Dvynzo,Ydxtqvye,author
user41,ecjgcxmwyd,user41@example.com,Uxcuxe,Jpurmsyp,author
user42,pcprrpvzig,user42@example.com,Lyakcm,Ocmgxxyx,subscriber
user43,mojyotvnlq,user43@example.com,Pycell,Npdgazza,editor
user44,uiqltlqyus,user44@example.com,Vqajxb,Uzlwoygp,author
user45,btylfpxgfx,user45@example.com,Glufcz,Sgfysszh,subscriber
user46,ywzyktvsza,user46@example.com,Kjnlzp,Dyykwbix,subscriber
user47,fuvonhspaz,user47@example.com,Cevegd,Jwakxndl,author
user48,jtsxyshwtz,user48@example.com,Dhtrhf,Iwkypdcb,author
user49,kyaosxcbqz,user49@example.com,Siyoco,Frhvqhzf,author
user50,hyxljwpqoa,user50@example.com,Xpvvmy,Yewuguor,author
user51,xfoxhydqmo,user51@example.com,Ijjfky,Mogkaduk,author
user52,htlcvgjlej,user52@example.com,Nzejan,Ljfsqsbi,subscriber
user53,jhsucesucn,user53@example.com,Sxbixj,Tryxmdzh,editor
user54,ghbhxmuhvy,user54@example.com,Xamepr,Oinbfrtt,editor
user55,mkcechwrui,user55@example.com,Mwbjcu,Cvzhtafe,editor
user56,swwxwmsjcy,user56@example.com,Ulcvtx,Bpybzntv,editor
user57,krdyhcsgyk,user57@example.com,Xfvpjl,Orwuvmkq,subscriber
user58,utrlbgesrq,user58@example.com,Oypgzi,Ajpoxnhz,author
user59,eibkvtbwfa,user59@example.com,Iwxsqa,Kszqcnsb,subscriber
user60,flpqyfyagr,user60@example.com,Nvfubc,Qflxreao,editor
user61,wzyekbtkvt,user61@example.com,Qglnxo,Yhjwirho,author
user62,xtkgenvfnz,user62@example.com,Bffabj,Sutblbrk,subscriber
user63,qqffrzmuan,user63@example.com,Kggfhu,Jmkeocbe,subscriber
user64,rvhnqwotiq,user64@example.com,Ysoueh,Dxkxpiep,editor
user65,nstmbvnifl,user65@example.com,Gpfkjc,Mlceddqx,editor
user66,wvaunhhmdv,user66@example.com,Aitjco,Tkymjmvb,subscriber
user67,hujiotzhiv,user67@example.com,Xtjlws,Sjgopmcj,editor
user68,mkvthieqfj,user68@example.com,Ingvhc,Acbejurx,subscriber
user69,zlcbtusqbp,user69@example.com,Drocxq,Eylyckeo,subscriber
user70,woqgrklopn,user70@example.com,Egorcr,Jduukejr,subscriber
user71,ovsaroyrha,user71@example.com,Gwwemb,Bfdzcahr,editor
user72,akebsyckan,user72@example.com,Tdmmrr,Deswokeu,subscriber
user73,lhhukfloqt,user73@example.com,Liremw,Xijfivpn,editor
user74,zfxvghvmsl,user74@example.com,Pvobna,Mdlbpkzg,subscriber
user75,hsgxqzcbdn,user75@example.com,Ijittg,Pfsjnpdh,subscriber
user76,dfuerdncot,user76@example.com,Adtpkl,Zijqbvim,author
user77,embdlsfxkg,user77@example.com,Wvwoga,Dhelgrdm,editor
user78,yolovjornk,user78@example.com,Mrbevn,Iuvkrwjw,editor
user79,plbajqklfs,user79@example.com,Ifrdov,Raxylugi,subscriber
user80,zapnsexdss,user80@example.com,Gjfyae,Xordokfj,editor
user81,qqifhxbfds,user81@example.com,Ypfvta,Qqinwrfi,editor
user82,blhxumetax,user82@example.com,Rpwosx,Uhimnfeq,author
user83,wwkxcttvtl,user83@example.com,Zlxczw,Ifbjphwp,subscriber
user84,mskpgmtfrf,user84@example.com,Pfgvvd,Hdpgboow,author
user85,unafsvyhcu,user85@example.com,Zpskgt,Wseqbdpj,editor
user86,qnctwifgmc,user86@example.com,Mblxnn,Jsatoevf,author
user87,niiotgbslz,user87@example.com,Cswekj,Tzynqyfy,subscriber
user88,nsaaixozar,user88@example.com,Xmtqjk,Tmfuxary,author
user89,dbjbzdygbu,user89@example.com,Ttnntw,Glmgmlpy,author
user90,waldknlzzk,user90@example.com,Igmbaw,Ipjypxcf,editor
user91,kfnoszbzim,user91@example.com,Eutfbr,Qsfysnom,author
user92,bzzsahnxfh,user92@example.com,Bliloo,Kydvirfn,editor
user93,kqtcpvpztr,user93@example.com,Jcziam,Cuggnrns,author
user94,zfkwcmssqa,user94@example.com,Zemdwc,Wxemhhhv,author
user95,eghuulgphn,user95@example.com,Qavdwf,Lggtvaah,subscriber
user96,todolnqpli,user96@example.com,Fchitm,Qrmzkwat,author
user97,sadwdmyquk,user97@example.com,Izwiyo,Aefddbfl,author
user98,jdispmrevi,user98@example.com,Ihxodm,Lkmwxxci,editor
user99,mwwlreuxvy,user99@example.com,Kifhof,Dxdpmmrs,editor
user100,bnehzkfzli,user100@example.com,Rjtffs,Tnwrkjlk,editor
user101,rhpzibkejk,user101@example.com,Gcsebc,Mulmcklc,subscriber
user102,wyuaywppvr,user102@example.com,Pyhgtx,Cgizgkrt,editor
user103,eaqkafqtbk,user103@example.com,Eiwpvs,Odxeviog,editor
user104,rrjfzquanm,user104@example.com,Oyzmqo,Boqwuszm,subscriber
user105,yxwgmiaeia,user105@example.com,Ogdmiw,Vctotezi,subscriber
user106,hawsjxzqjj,user106@example.com,Ngpgkx,Cdkmpjeu,author
user107,aweyziuptf,user107@example.com,Oaxaqy,Lwjofrhn,subscriber
user108,svfqrqvauj,user108@example.com,Nxytll,Seuaewmp,editor
user109,caolsjkphc,user109@example.com,Frutsi,Zjtqqqpp,subscriber
user110,rfsgjcgund,user110@example.com,Cgkfay,Pnbgcfnj,editor
user111,kknuqltnld,user111@example.com,Pzjpty,Nxrvxqlr,author
user112,egeowugemj,user112@example.com,Rtpcay,Osfvfzer,subscriber
user113,pypocoozaw,user113@example.com,Rqcjip,Thjlhoqz,subscriber
user114,xlmdjvsadr,user114@example.com,Pwjkaf,Yfptnhdr,author
user115,lhuzwkufqx,user115@example.com,Ouosgp,Jlidptng,subscriber
user116,uucohnctyn,user116@example.com,Cguset,Xvgswucy,author
user117,ujkvjbbvth,user117@example.com,Ivewbf,Rzmkrcxc,author
user118,cgornkkjah,user118@example.com,Vuiqan,Qsliopmr,author
user119,kuzxfntypm,user119@example.com,Ahrbxz,Cxuwdeys,subscriber
user120,ayajykleyo,user120@example.com,Xiqbwt,Ueeazodf,author
user121,xqrrhqwfof,user121@example.com,Fjjqnk,Uthtowms,author
user122,yqesphzldf,user122@example.com,Wtghkt,Fhkzwpuv,subscriber
user123,msbhordxbo,user123@example.com,Pkwchb,Hflsexsd,editor
user124,zxgznsptge,user124@example.com,Vkyskc,Gvmrdqri,editor
user125,mrcygkdsyl,user125@example.com,Yxrtub,Eulqezsa,author
user126,lcosrkftwj,user126@example.com,Lpatep,Zptqvqno,subscriber
user127,rafpurkiaj,user127@example.com,Helppm,Uizwudti,editor
user128,upsipwohgl,user128@example.com,Lqcijq,Fxhastjy,author
user129,dujqjfqimn,user129@example.com,Bvulta,Hubjpppr,author
user130,zaaqiklprd,user130@example.com,Xjsofp,Azdauhdc,subscriber
user131,ilbuwdkxub,user131@example.com,Ygwyyq,Zzmisadw,editor
user132,ernrqyoujs,user132@example.com,Ixfycq,Vurvqbzw,subscriber
user133,ydhgqpadsj,user133@example.com,Qltjvi,Fdswexms,author
user134,emnwidjppd,user134@example.com,Pgjvhn,Dcxvxukr,subscriber
user135,niaoidsdpv,user135@example.com,Rttsoh,Cyxykjjj,editor
user136,gjpvfgevjh,user136@example.com,Zckfoe,Gicnvkql,subscriber
user137,upahxuqntb,user137@example.com,Qfluln,Pziaypyg,editor
user138,uyagupagrj,user138@example.com,Zmluxo,Lfkgkcor,subscriber
user139,trfqvytdba,user139@example.com,Ternaq,Wskspnoy,subscriber
user140,zmnkoprrag,user140@example.com,Ykdvvu,Jfxcotxc,editor
user141,lmnknlmhtu,user141@example.com,Upkift,Efpkraqs,editor
user142,vbyapglfgk,user142@example.com,Onpnys,Eqmjpewj,subscriber
user143,poktultaxc,user143@example.com,Sjmqer,Opwqdadi,editor
user144,jutcitsauq,user144@example.com,Rxznll,Wkvawpqh,author
user145,nrrelmziga,user145@example.com,Rpruvy,Bcgvuigu,editor
user146,jsqnwcfluy,user146@example.com,Sjqwic,Lqkqegdx,editor
user147,qgokdkeawf,user147@example.com,Fyvkup,Kzjljciz,editor
user148,vfxghfuxxu,user148@example.com,Hoyest,Lrryvtfc,editor
user149,smvzyoulso,user149@example.com,Gwnynr,Wrjgewzg,subscriber
user150,tzppfpfcen,user150@example.com,Btpyuw,Ipyvsgnk,subscriber
user151,lbshzjzsyc,user151@example.com,Gbfiym,Ewoojpaf,editor
user152,pxjsfmisdv,user152@example.com,Zujtwp,Xvmhgqfy,author
user153,jnymgwxive,user153@example.com,Jwmxyt,Yphlrpfz,author
user154,rqmojbmyjl,user154@example.com,Vxkglv,Xuzvvnxh,editor
user155,gynsaqacst,user155@example.com,Qpthtf,Tykpndwh,editor
user156,fmcjuytwnp,user156@example.com,Ohbyko,Abwgavvj,subscriber
user157,iqajsetlpn,user157@example.com,Wnupfn,Ibpcqyaz,subscriber
user158,eccytupcyl,user158@example.com,Lzqacc,Slffeuxc,editor
user159,hlclzbenyr,user159@example.com,Jrjruj,Pijzzodl,editor
user160,nvoybmrtsb,user160@example.com,Htgyzw,Gtgqobbe,subscriber
user161,naywnmrwij,user161@example.com,Xthtib,Tyilcyqh,editor
user162,plrwxfncvb,user162@example.com,Feiuuk,Uyigeviu,editor
user163,nxtdpulqqq,user163@example.com,Tuttfa,Zkuekcxs,author
user164,sqjrfogcfb,user164@example.com,Lcpzrr,Xwirsvcc,editor
user165,ictzaakpkr,user165@example.com,Cylfgw,Brotszyo,editor
user166,fmfodynidj,user166@example.com,Miotqq,Eegfpgdg,subscriber
user167,otkxdhvnyl,user167@example.com,Awklfu,Xqssekjb,editor
user168,tfazlcnbyt,user168@example.com,Xviwis,Lzeomuki,author
user169,byktzzyquq,user169@example.com,Axstpi,Lltzqvpp,subscriber
user170,rnaovdtdrf,user170@example.com,Vuzxfo,Ifmtoulj,editor
user171,djfuuexbpt,user171@example.com,Lfqkzy,Zmbzaqbd,author
user172,heimevillp,user172@example.com,Ntwsdx,Xbposlpk,author
user173,mupqyvztdx,user173@example.com,Jbcthi,Krdgdurc,subscriber
user174,vfxerlafye,user174@example.com,Onlxbp,Ctdmeepe,editor
user175,iemncdpgrk,user175@example.com,Gdohju,Wgvrrfkh,author
user176,mzqgzqykeg,user176@example.com,Fornpm,Nlnbwnsc,editor
user177,iidpegjzxz,user177@example.com,Aernwr,Fwfmhjny,subscriber
user178,aroqtyxsiq,user178@example.com,Sgyush,Ehysnxbd,editor
user179,josnxfklut,user179@example.com,Zojoyt,Ednvhnak,author
user180,ctsltnctsu,user180@example.com,Pqzygk,Pisdbyjq,author
user181,nmvwurgqyi,user181@example.com,Gozhnv,Hetfawjd,author
user182,mwrwqxmszs,user182@example.com,Rprkvb,Atlloinn,author
user183,sjsudbfinx,user183@example.com,Jwppsk,Bihlshoi,author
user184,yourkrixhv,user184@example.com,Bmvlde,Rutdoofc,subscriber
user185,cougbmbfgs,user185@example.com,Jmtdfs,Wpwexmib,author
user186,gfzhyhwviv,user186@example.com,Vujcif,Vozydmpr,editor
user187,zaoamccrpu,user187@example.com,Fyvttu,Hmgkavsa,subscriber
user188,fvgearuwvd,user188@example.com,Xdhobi,Qxwyewyt,editor
user189,ejmjlgxjgp,user189@example.com,Ymmmlz,Tgicsopj,editor
user190,qfvwyugjza,user190@example.com,Xkhjop,Gduxsbrh,subscriber
user191,nlgdsgmaxe,user191@example.com,Mxgfrc,Yglttdwi,subscriber
user192,uzegyvztog,user192@example.com,Irxhpm,Ptnaiksl,author
user193,qkwoeuahyc,user193@example.com,Isepci,Ffbjritx,subscriber
user194,didizniocl,user194@example.com,Goljwt,Alsmepyt,author
user195,djqezccyma,user195@example.com,Mtnzic,Tfzlcxqp,author
user196,qbpcbzabcr,user196@example.com,Smsbux,Kdqnuqiq,author
user197,tihywifmeq,user197@example.com,Vwlayi,Madvdyld,author
user198,jtcjqvqrxe,user198@example.com,Dhjowx,Hrxajkiv,author
user199,ozulqcgldx,user199@example.com,Yqvjbz,Ceojrnrw,editor
user200,dtxkkrkbie,user200@example.com,Jkjnwq,Zjhsbtxd,author
user201,oagnsbhiov,user201@example.com,Ftmrft,Rtqmjoxe,editor
user202,emqgjoxigc,user202@example.com,Sphaap,Whqbvjoa,subscriber
user203,exvsodrhcj,user203@example.com,Gsmyxw,Bkakhbus,editor
user204,mlutgazsvq,user204@example.com,Sgwefp,Zbuamxxy,author
user205,boevdlkyng,user205@example.com,Rspzzw,Yidmqvbw,subscriber
user206,mldelqkdnc,user206@example.com,Asuqqe,Strptmgp,editor
user207,tbeuoqihcw,user207@example.com,Vbgata,Sqbkbmii,author
user208,oydlrquhbu,user208@example.com,Wtwrhz,Mhfrjwmz,author
user209,tdhbttiwgb,user209@example.com,Obncgg,Bqtqestg,editor
user210,krxxscsjyx,user210@example.com,Ormapl,Xuxnfsif,subscriber
user211,lmpxldiifu,user211@example.com,Ccswix,Umesscgn,author
user212,tqpgqnztzs,user212@example.com,Lzodgk,Tghvmsnt,editor
user213,bpxkiakenm,user213@example.com,Urqjfo,Ykcujngi,subscriber
user214,lkjpajmzbq,user214@example.com,Znwhqj,Wufpeily,subscriber
user215,qqlxawdcqp,user215@example.com,Zhvnxh,Iomcwlbl,subscriber
user216,kayptmqjsp,user216@example.com,Rwovkv,Teycxkix,subscriber
user217,hmkvwvvxmi,user217@example.com,Htyofj,Tovruakp,subscriber
user218,wsbyltbihx,user218@example.com,Jpgauz,Ykcdwwgh,subscriber
user219,cqjkpqbxag,user219@example.com,Vmfnbw,Htkvhdvt,subscriber
user220,ewbvhgpfmo,user220@example.com,Mmwbxi,Dnwwotic,editor
user221,mpskgotpug,user221@example.com,Xbyljk,Tyrxofff,author
user222,eaivkpnthw,user222@example.com,Isckbw,Blkwdztw,author
user223,splkxezyfb,user223@example.com,Qokeye,Qrkmtabm,subscriber
user224,ftqnwsfdas,user224@example.com,Jyuvhr,Soqvtmnp,editor
user225,bwjqjxazgt,user225@example.com,Dzysrr,Eglbudun,subscriber
user226,xlrxcazxwb,user226@example.com,Lsdize,Xfxqbfng,subscriber
user227,ncunmrzlto,user227@example.com,Wybpus,Zcxyqnbh,author
user228,yzrulzlhde,user228@example.com,Vnhgpg,Fijedsfu,subscriber
user229,extpxvzebe,user229@example.com,Ufsrps,Nofeuuky,subscriber
user230,nfgblamgtb,user230@example.com,Rqomzs,Xwrccgnv,editor
user231,lfjoznqomi,user231@example.com,Aneqhg,Gdxeieca,subscriber
user232,ljtdzsugow,user232@example.com,Gjvsdi,Irfkegfz,subscriber
user233,mcazaouhnl,user233@example.com,Ymrcip,Okcfitev,subscriber
user234,fjeyjrnyxb,user234@example.com,Svaldj,Rpcedxuy,editor
user235,rtrwgdreae,user235@example.com,Kqhlgx,Iyhrstux,editor
user236,affubwfsfl,user236@example.com,Vvhxpp,Pirrmlqm,author
user237,vbtjuggkgi,user237@example.com,Wibszj,Gxlllmub,editor
user238,kxhgmffjul,user238@example.com,Ajwxco,Gummwmjo,editor
user239,iteufkjgqp,user239@example.com,Scdwvd,Jixjqlxw,subscriber
user240,wexnqiprpz,user240@example.com,Yvtooz,Hxeljvlb,editor
user241,dvilysvtqa,user241@example.com,Dahsje,Cmpgrpko,author
user242,ejonocrnfa,user242@example.com,Rztmau,Lqqeysct,author
user243,lxelhfmkjv,user243@example.com,Vvigfp,Tnknvtpc,editor
user244,npxjmggefp,user244@example.com,Uwtcly,Nxjcstws,author
user245,jvrcbjzcjp,user245@example.com,Wpevov,Atvnywis,subscriber
user246,wveudyaomg,user246@example.com,Zqywkr,Clivnszs,author
user247,eyfaxznrlb,user247@example.com,Tttqvk,Aykoiuzq,subscriber
user248,ztcakcnycl,user248@example.com,Qmfecp,Xlueqajy,subscriber
user249,znibrtmbpw,user249@example.com,Urrvdq,Vrwdarcf,editor
user250,jnhvdkbwzd,user250@example.com,Copasb,Tcswowzv,author
user251,wwhesggkso,user251@example.com,Qzemep,Hxgqwwaa,subscriber
user252,lhdjgwkwec,user252@example.com,Mtdrdg,Tkgcfyct,editor
user253,jfzzrduauf,user253@example.com,Olscle,Onoyscqy,editor
user254,oteziawoqt,user254@example.com,Fmnfnq,Uhmdxyhs,editor
user255,vnksqxfcla,user255@example.com,Eehyfb,Awmmouti,subscriber
user256,uxxhgcgfnl,user256@example.com,Hgzpbx,Qvepxtbf,subscriber
user257,omplaclorr,user257@example.com,Vfzcxp,Mbxstmvb,editor
user258,xscdktbkyp,user258@example.com,Hfyalw,Oavxwlbo,author
user259,meykkmuama,user259@example.com,Pymsvh,Kcahqpit,subscriber
user260,fwacvbozmu,user260@example.com,Owyjbg,Tspdbykt,author
user261,ftrtepoovf,user261@example.com,Lrzszx,Bmgfzwbk,author
user262,ktumvccotd,user262@example.com,Nkegyo,Xbhtasox,subscriber
user263,lryuqcbxto,user263@example.com,Mlngdc,Dhsikdvv,editor
user264,rqqujhzyel,user264@example.com,Vritqp,Djkzoxrh,editor
user265,fiirrrymyt,user265@example.com,Bqbsxg,Qcbpnzti,subscriber
user266,tqcqzavxjy,user266@example.com,Qjjowu,Ehkkxtky,author
user267,zoljfkgzkg,user267@example.com,Lottcw,Dfpetwoz,editor
user268,bvtjcmyaqf,user268@example.com,Uluuba,Icubnfhf,editor
user269,ckrkatgltx,user269@example.com,Kciahw,Xtbzwdjl,editor
user270,ghwowsolix,user270@example.com,Wlcqek,Tyrdvmix,editor
user271,gyjdddhefb,user271@example.com,Rqwwni,Oiybxvfw,author
user272,wouknlkkie,user272@example.com,Rivsbc,Vqoespjh,subscriber
user273,fvrfasaewm,user273@example.com,Lewaci,Kuomvsfm,author
user274,fvcrhjkgyv,user274@example.com,Bjfkdc,Fpqjarhy,subscriber
user275,npcgwqggxv,user275@example.com,Sveqvq,Vsvketrv,editor
user276,gunerdmims,user276@example.com,Vgdpoy,Wdejvyjo,editor
user277,imgrfwlesq,user277@example.com,Wctecw,Qljsqkgv,author
user278,dewvktwaat,user278@example.com,Ozxeli,Hyrslnvb,author
user279,mpqgdabsab,user279@example.com,Debwaq,Wknzggsz,editor
user280,jwrcygemxw,user280@example.com,Hawhiq,Obwaialv,subscriber
user281,vzxoakwsmo,user281@example.com,Xbzeiq,Pzgwhlwc,subscriber
user282,jfgjnagons,user282@example.com,Ffcuzy,Vxbieygi,editor
user283,kmntiydwql,user283@example.com,Vhhldp,Zkgvquiv,subscriber
user284,znipyzsckg,user284@example.com,Hltxyg,Zztjmhtk,subscriber
user285,jrogpxroak,user285@example.com,Dxyggp,Jauyrfmi,subscriber
user286,bxzoikipzj,user286@example.com,Supipm,Kabbgfin,subscriber
user287,idxylwfxbs,user287@example.com,Qqhuzy,Pusfapvf,author
user288,fmzgxkpfva,user288@example.com,Jwygvz,Fncjjoly,editor
user289,wqhgaiuafi,user289@example.com,Hltttt,Dfxtlxus,editor
user290,cqdsrhjnbp,user290@example.com,Xbrhsx,Snlmfkfm,subscriber
user291,mefkquwazu,user291@example.com,Behfdq,Dbcwevlp,author
user292,iehtrmgbuf,user292@example.com,Bezbhk,Gowirdai,author
user293,cvejcqwxzs,user293@example.com,Onzeqo,Oygtinxv,editor
user294,euevwoxdgb,user294@example.com,Viunnd,Vjrlnmyy,editor
user295,jeswmvjwcs,user295@example.com,Ooeqpo,Dvetjxbk,subscriber
user296,yvkhkgbzkm,user296@example.com,Wamuvj,Aodsuawm,subscriber
user297,lxnmwejdfk,user297@example.com,Wbusjr,Twcetusp,author
user298,djaiddcnpt,user298@example.com,Bkgmck,Gfenofnm,editor
user299,izcwvbmean,user299@example.com,Lneigr,Enirbgpw,editor
user300,wzgtmpdyje,user300@example.com,Wcvqpg,Ifdqigcs,editor
user301,ktcroooopq,user301@example.com,Xvtabg,Kfrpeajf,editor
user302,lziwzaaakd,user302@example.com,Dtrnar,Oanisqfe,subscriber
user303,jrjungqsgv,user303@example.com,Sfkbln,Psbainlo,editor
user304,uqztihxszo,user304@example.com,Ouqapr,Edcclrnu,editor
user305,eafezicvpe,user305@example.com,Xkayst,Nsvvboec,editor
user306,rszzpidiad,user306@example.com,Brgndn,Rvyjjlxu,author
user307,cdbqrbymrv,user307@example.com,Nfztrt,Kvcqhudp,subscriber
user308,ttqxspwbok,user308@example.com,Gpkjfg,Phtrdjya,editor
user309,ceeteqjlzo,user309@example.com,Fibkyg,Aataulux,author
user310,gowrntvmyh,user310@example.com,Bdrmbh,Urlxsbmi,subscriber
user311,yntyvndlnp,user311@example.com,Kzupyj,Aaghwoho,author
user312,hsmhiwjckn,user312@example.com,Gjmkga,Oruynnfm,editor
user313,erjkwmzlrr,user313@example.com,Ozigob,Jfebmmgl,editor
user314,xwlqaftvvz,user314@example.com,Islbuv,Dpnxehoz,editor
user315,ykulgblfjv,user315@example.com,Ztkjbr,Ctbdoxvc,editor
user316,xapocsghpl,user316@example.com,Asdbux,Vpfmkybq,editor
user317,clmlcuigqa,user317@example.com,Rwanbr,Lghgpgeo,subscriber
user318,sdlkglvdyo,user318@example.com,Cvffrg,Duoptrbw,author
user319,audsaglnpa,user319@example.com,Fugtys,Qbxnyymc,author
user320,nfnuhlwwvv,user320@example.com,Ifuqcf,Mfvqiiko,author
user321,cglnaqbwqw,user321@example.com,Rdisyr,Uacgcdzt,subscriber
user322,huvbmigbra,user322@example.com,Gepdnz,Snldsfzc,editor
user323,zjgmpsrdlg,user323@example.com,Gczqhb,Cmlwrynq,author
user324,xwkpwutxkp,user324@example.com,Nnyups,Dtdmfima,subscriber
user325,dwllxxgdsz,user325@example.com,Szdroj,Uxmasbqr,editor
user326,yvaqowsxwp,user326@example.com,Zqjmiu,Pdfykvxg,subscriber
user327,zimkeolleq,user327@example.com,Fwruao,Ibribznq,subscriber
user328,xtoqliyoqw,user328@example.com,Dvroft,Eehtqnsc,subscriber
user329,octihiuyge,user329@example.com,Ijfaxh,Dhlnnibj,author
user330,rtblwaspoa,user330@example.com,Uxtgya,Wnzqsheo,author
user331,jmfkkifujm,user331@example.com,Tdlvop,Omsovlcg,editor
user332,mhwsjbpqkg,user332@example.com,Httotk,Vqdnwdhp,subscriber
user333,tjfqczjmjm,user333@example.com,Mrbakt,Zfhqsrhk,subscriber
user334,wriabehebu,user334@example.com,Kreodf,Utbqwvqu,subscriber
user335,ncjfclanck,user335@example.com,Naeskm,Eaphddgw,editor
user336,gfoudnmeez,user336@example.com,Vradqs,Pwvxooac,editor
user337,shivfyitrg,user337@example.com,Fwgkax,Aujzejzy,subscriber
user338,fqzbuuzjes,user338@example.com,Igadlu,Sbxvqjoh,author
user339,ylarhjgkya,user339@example.com,Ggjyfz,Odxiqjmq,editor
user340,jvnjvnkwro,user340@example.com,Foayqj,Qgettvug,author
user341,gdxthpxlwt,user341@example.com,Bugvql,Xsoylwua,editor
user342,chgqlfguie,user342@example.com,Kbifst,Qzfimimr,author
user343,mladazrsyh,user343@example.com,Cbxaks,Sjpkwduv,author
user344,uhjgstpwbb,user344@example.com,Cnowrn,Mjxqshbv,editor
user345,sccloinjig,user345@example.com,Mjdruu,Ioyflble,editor
user346,pztvmkfurp,user346@example.com,Ecfage,Wrvpqhib,subscriber
user347,hqgzqemlay,user347@example.com,Glltdj,Zkgnvjaz,author
user348,cfmrvumcuk,user348@example.com,Wysdip,Qnjffrwm,editor
user349,ljlbiuwdxa,user349@example.com,Nxkcfe,Ymbhwadb,editor
user350,brzwnaafck,user350@example.com,Fkjhxf,Ijovgiyi,editor
user351,arqmzcfjsb,user351@example.com,Npmsxv,Rnmmytzz,subscriber
user352,jnmhtntrll,user352@example.com,Eeeorg,Qqdbdczf,editor
user353,qxikzzojxe,user353@example.com,Dgjufu,Jywuguvd,editor
user354,dipgxqimcg,user354@example.com,Zlawaz,Hyegbyfm,subscriber
user355,agacbhoejl,user355@example.com,Qjxipg,Pectqhqp,editor
user356,efsmuuydxh,user356@example.com,Bkgwfr,Rrotyqzh,subscriber
user357,tldhalwodl,user357@example.com,Kdipmg,Ybtbdhuf,author
user358,cvicekivnf,user358@example.com,Pggukg,Haibhohg,author
user359,cgmrvmxnrb,user359@example.com,Jkfoiq,Ptvxxrqg,subscriber
user360,bvkkyccipk,user360@example.com,Gmwgvj,Lkgwieob,author
user361,fyhrcjlych,user361@example.com,Covtgu,Wrvdxlgz,subscriber
user362,ecdjnjzitc,user362@example.com,Wsorxp,Igetfuor,subscriber
user363,guwlxfqgox,user363@example.com,Trybqq,Kklzolnn,subscriber
user364,ulyarjspce,user364@example.com,Ltdork,Vatevbbk,subscriber
user365,uzxqtxkjut,user365@example.com,Yyrjaz,Wvbpaxhd,subscriber
user366,gqwhdlohmp,user366@example.com,Gvabdx,Xtngkfts,author
user367,ghflttamou,user367@example.com,Dvnhtg,Fgjtoqfo,author
user368,lfpfkxjows,user368@example.com,Ckcfqk,Tfokhxhz,author
user369,eyhilgcfqo,user369@example.com,Cyzyry,Hhlbskmg,author
user370,vqjuaxgpgk,user370@example.com,Fdgmsx,Zljroyou,editor
user371,ptwknwhymn,user371@example.com,Umrkeg,Edkxchrt,subscriber
user372,njfhmnrshg,user372@example.com,Hqygmd,Ultoyhgq,editor
user373,pnjcjvulyo,user373@example.com,Kbojrs,Deykttiy,author
user374,tesbonpcls,user374@example.com,Whbaiu,Bpqukwpw,author
user375,hevhlxdyas,user375@example.com,Pntrik,Smqkzylb,author
user376,nerhsbczmd,user376@example.com,Gfogel,Xiutsdji,editor
user377,khivqxaqiw,user377@example.com,Lbglgm,Unkptdwj,editor
user378,mdwreipvpt,user378@example.com,Dwefyc,Ghxtbizf,subscriber
user379,hyfnrpieeb,user379@example.com,Zwgcdq,Gyyvblxw,subscriber
user380,dpfhescqkt,user380@example.com,Uqpxbf,Utrawvvi,editor
user381,bkoulqdprq,user381@example.com,Qdqava,Pziswdlg,editor
user382,noqkhfihpb,user382@example.com,Ppgorx,Ntdsvhbx,editor
user383,pqtuoxrkzm,user383@example.com,Wwtylv,Inhpaaeu,subscriber
user384,tcmhtjmsuk,user384@example.com,Tmodkh,Myqchmst,author
user385,dlcpkxcolx,user385@example.com,Wagmmm,Uipdjcau,editor
user386,ypyrafiopb,user386@example.com,Nymhwq,Nvlklrsr,editor
user387,jdvzpkalsk,user387@example.com,Qlutjl,Mtvatpgm,editor
user388,picyaqnkwq,user388@example.com,Anrkfe,Bgvojrmt,editor
user389,epztdqdvlx,user389@example.com,Vzbiyo,Mijfqvap,author
user390,rkdjfciimm,user390@example.com,Oaxuwc,Jekaasty,editor
user391,zqwxqolszk,user391@example.com,Uzzisb,Yyjjfzdn,subscriber
user392,whxsqbygnm,user392@example.com,Pnnlws,Hjhixglx,subscriber
user393,rbvsvyiiit,user393@example.com,Zidrnq,Wgrtbfbp,editor
user394,jzetbzdaxl,user394@example.com,Pmeryp,Roiivpdy,author
user395,sxzhwjthti,user395@example.com,Rzmynn,Ycnxaywk,editor
user396,wvnuubbeft,user396@example.com,Elbfli,Yctwctdn,editor
user397,cptblguvgt,user397@example.com,Ffynfj,Aicxzvsp,author
user398,bklhbitjby,user398@example.com,Jjstxv,Shlpzumb,editor
user399,xtdombhfsa,user399@example.com,Norskx,Kssooxqr,author
user400,huvwjeejbl,user400@example.com,Xqrphw,Aoqmsbvk,editor
user401,bpospdyyvt,user401@example.com,Lwicoc,Ojgzjtrn,editor
user402,zbvyiuoqit,user402@example.com,Hymedg,Jpgrgayp,subscriber
user403,ltyrsnkwjl,user403@example.com,Cnsbrz,Gfuqsqev,editor
user404,xrsqznqjjw,user404@example.com,Fiptoc,Soudfzze,editor
user405,vpasnwuroh,user405@example.com,Vhgbxc,Bsrzkbdx,editor
user406,ihypsduook,user406@example.com,Ctqujx,Yrhyvkyf,subscriber
user407,mquopargal,user407@example.com,Exjvui,Xftsbnyz,author
user408,xptqnytnzm,user408@example.com,Nxqcnj,Evmngtop,subscriber
user409,jkksxxqzdt,user409@example.com,Cqogrh,Wqjyfccv,editor
user410,nelqptplva,user410@example.com,Tiwydl,Kzewpxnj,author
user411,zhyzdtelfv,user411@example.com,Kiayvc,Jvhrhilq,editor
user412,svvzczjiat,user412@example.com,Pankqh,Avmaplep,author
user413,izbnivbwxu,user413@example.com,Irfhpf,Rbmnvezk,editor
user414,avkuaeplbj,user414@example.com,Spkupu,Ucigulcf,editor
user415,rmwjudutyl,user415@example.com,Rukmfq,Mwtoilvc,subscriber
user416,pmutomdxgx,user416@example.com,Repauy,Pekdsllf,author
user417,wzlhkzkotd,user417@example.com,Indzwr,Fimcthpj,author
user418,esbwyyslot,user418@example.com,Opsoor,Dwxccbep,author
user419,ykgavrmasy,user419@example.com,Chuqtu,Rpwqatfb,editor
user420,vucecrdpej,user420@example.com,Jpppat,Knoourqc,author
user421,mscpjxwetz,user421@example.com,Sezxaj,Zdgksuei,subscriber
user422,szjzluptsh,user422@example.com,Gwphux,Eamwvvgc,subscriber
user423,mvtxajxiil,user423@example.com,Xusmyy,Meqccbyu,subscriber
user424,tpqudsbsjh,user424@example.com,Izgacb,Dtqmrmui,subscriber
user425,yqzfziekze,user425@example.com,Ebajas,Gwtdhtmo,author
user426,xaqrqlnnap,user426@example.com,Hqvhun,Ekogfxvf,editor
user427,qvsjpdckgy,user427@example.com,Vqsrxz,Hjatfyxg,editor
user428,dvsuvjbqzq,user428@example.com,Dogbzk,Uillnllb,editor
user429,eufalpoign,user429@example.com,Vzmtey,Powsxwrk,author
user430,yaerpbpvfj,user430@example.com,Rjtxhp,Mzvezdub,editor
user431,cqrmonpwqi,user431@example.com,Ngruom,Esxrrcak,author
user432,joknfftohi,user432@example.com,Bhcccd,Oadwhrmr,author
user433,hmedolgyxd,user433@example.com,Qwbxhq,Auucauso,editor
user434,etyemiwjbr,user434@example.com,Viocsn,Xqvpeiee,editor
user435,psjrdkjocj,user435@example.com,Blyiqp,Putxvzaa,editor
user436,ewnjbmqnwy,user436@example.com,Jyrtxi,Vtarbuws,editor
user437,dkoaordhwt,user437@example.com,Jljvna,Igamfsir,author
user438,dopulfpwpx,user438@example.com,Scehzw,Twitwgwn,subscriber
user439,ishyujekvp,user439@example.com,Gpomdt,Whlomqkt,author
user440,leyitwgbfd,user440@example.com,Nelqzw,Ofxbumcl,author
user441,yiisspuovo,user441@example.com,Txyagx,Kmfiknaf,author
user442,mfletiqyxk,user442@example.com,Uknhdd,Aiiblqmq,author
user443,kkfyotneyg,user443@example.com,Yqhrnh,Jrinzcgn,subscriber
user444,zagyarquty,user444@example.com,Epsmhh,Xklhasno,subscriber
user445,gmrljrpppa,user445@example.com,Iyhcsr,Unwauuwo,editor
user446,jswnhffghl,user446@example.com,Qeamij,Tvkghqzv,editor
user447,mgcibkwvsx,user447@example.com,Oxebmp,Opxvitgl,author
user448,ipufdixucg,user448@example.com,Ieoied,Anpjncdj,author
user449,sttycxqewl,user449@example.com,Mmfeyb,Bhwlemlb,editor
user450,hwobeeymtc,user450@example.com,Ukrxnh,Pdgrxznq,editor
user451,bbntrnyjgp,user451@example.com,Varmjk,Aphxxzdn,author
user452,djzzylijrs,user452@example.com,Ykgfhf,Fxrspkwc,author
user453,jvjlvkqkvo,user453@example.com,Ttlteo,Mxxrmjvq,subscriber
user454,njezujhbcz,user454@example.com,Ihvmrb,Owteqosg,author
user455,iytevehozk,user455@example.com,Vcdnzk,Jmdlaodx,subscriber
user456,lqfvavshwe,user456@example.com,Pcsnxg,Kuglzlfg,author
user457,bbdtfgfedd,user457@example.com,Wrgmzl,Pkkysjme,editor
user458,sjdhgsczwh,user458@example.com,Gxkxeh,Tdgvjfdk,subscriber
user459,axntkdjeij,user459@example.com,Pzyvfd,Dtabvrad,subscriber
user460,mmlauvsqtl,user460@example.com,Cuemem,Camajidm,subscriber
user461,iywvlwwmar,user461@example.com,Gtmtgu,Smchutia,author
user462,isvzhlwgmw,user462@example.com,Wygwbi,Jhequxeg,editor
user463,ywvidshhja,user463@example.com,Dihqrf,Ibuvgdug,subscriber
user464,iflzyialxh,user464@example.com,Rwfosi,Zmfyareq,editor
user465,trrusjzwom,user465@example.com,Sdymzf,Huttlbev,author
user466,bybkbwydmb,user466@example.com,Mxqmcl,Ytmewbwo,subscriber
user467,hrqjnjscea,user467@example.com,Enymer,Snevhifa,editor
user468,kbfzsejsaq,user468@example.com,Feqipc,Tzrucxfg,editor
user469,zowlzvunsy,user469@example.com,Wpofqo,Ttgdqope,subscriber
user470,qmtwmxdpke,user470@example.com,Dddomn,Eslrlefg,editor
user471,aulpyukjon,user471@example.com,Wlwrlp,Vrhrapne,author
user472,atkqkcsztt,user472@example.com,Yruksb,Ujwqlixe,subscriber
user473,rxzclvzwis,user473@example.com,Fpmyuv,Kdzzojwe,author
user474,eqoufvnkge,user474@example.com,Hudyss,Lhykosfl,author
user475,qqaxndnnfd,user475@example.com,Hpxcqr,Yowednhj,subscriber
user476,zgzwutbfiv,user476@example.com,Josjfk,Bvdfbpke,subscriber
user477,tbmgmppbgr,user477@example.com,Qejdlt,Ssffhrdc,author
user478,kwxeqbepor,user478@example.com,Jxyqsv,Cnvpwfqp,subscriber
user479,wknjbagtrd,user479@example.com,Wqhgld,Rnvajdnn,editor
user480,kechdeykzo,user480@example.com,Oedatf,Gfjyefgs,subscriber
user481,pinlztaawd,user481@example.com,Uwtypm,Vcyehqeb,subscriber
user482,pkbosuubkt,user482@example.com,Nholyh,Aoxawupk,author
user483,lfpeamexqv,user483@example.com,Jopmdx,Pnnjavmu,subscriber
user484,lsgoayvakf,user484@example.com,Zjujik,Lwrpfkkp,author
user485,gdwegxphdy,user485@example.com,Zclnri,Jjdfguzj,editor
user486,fspdehulmv,user486@example.com,Opwdod,Mawnczxd,editor
user487,olyjnhguur,user487@example.com,Fngiyp,Gjazwodz,subscriber
user488,pobqnhixdf,user488@example.com,Piyxjr,Tbgfmlhr,subscriber
user489,swknoldtod,user489@example.com,Bxxuer,Tazrkhff,author
user490,ynlallqwco,user490@example.com,Kfnlgv,Pwvynbpf,author
user491,snbwqsiimy,user491@example.com,Tyrksr,Wixbjrnb,author
user492,cufxgeyxhd,user492@example.com,Rcdkrr,Qzedcfok,subscriber
user493,lmkcqwnmvg,user493@example.com,Abfzqd,Bstbtonj,author
user494,ekggfmmwzx,user494@example.com,Fzjrks,Djhqutfm,subscriber
user495,rofaefrraz,user495@example.com,Fkxwac,Ugkexvvu,author
user496,cmewgtzstv,user496@example.com,Qmthmz,Uhhycmaf,subscriber
user497,rlbmxysxky,user497@example.com,Idxbpx,Cvruosyv,subscriber
user498,plrsoldxgc,user498@example.com,Kltfpn,Smffhrsr,author
user499,blaqhmoufo,user499@example.com,Vrklzh,Lfpyvtot,editor
user500,ywcayvvobl,user500@example.com,Wndedz,Zzgpnuff,author
user501,fbyykmlegx,user501@example.com,Iwkfis,Aohnlvhq,editor
user502,dvjefbypgi,user502@example.com,Kywsec,Dbbmtebf,subscriber
user503,imvoftkfjq,user503@example.com,Pjjptm,Brwqwqkp,author
user504,chiygeqnpn,user504@example.com,Etlvkj,Zojbxmvc,author
user505,znledrtlol,user505@example.com,Ouqtxh,Vudguola,author
user506,wtcpxxndiv,user506@example.com,Hqplzs,Rrpyahgx,editor
user507,velovxjclg,user507@example.com,Ljkosh,Izqfhpmf,subscriber
user508,vyrfayqeni,user508@example.com,Jvlybp,Diekuief,author
user509,fahgkykpfl,user509@example.com,Lbusav,Uponwcrm,editor
user510,szumbtfbae,user510@example.com,Pldfby,Kpztkdix,author
user511,liizvkojtx,user511@example.com,Kqtujg,Acmfuvnp,editor
user512,iajysujgjn,user512@example.com,Fsvhbl,Llvxvdbd,author
user513,bioioiihqi,user513@example.com,Rdnkdk,Wyasjtxe,subscriber
user514,mvbodsrumy,user514@example.com,Czsbrh,Shjbqras,author
user515,sgqplplhdk,user515@example.com,Kwkkjx,Szismgox,subscriber
user516,ssjevoohec,user516@example.com,Zouukt,Mlzldvya,author
user517,wbbbqoicaf,user517@example.com,Rlmdnx,Rfjyvhow,author
user518,qrafhiedqq,user518@example.com,Tdtxdb,Gacpomhq,editor
user519,smzhdcljcv,user519@example.com,Uczcvb,Frpvcyiv,author
user520,blcvvejdqu,user520@example.com,Ckzwud,Ksumfrjh,editor
user521,nyvfmyengn,user521@example.com,Ujdzcb,Ixeiwwiv,author
user522,nuyvjzflzh,user522@example.com,Qxbisx,Hzyixoec,author
user523,cqlycijbsq,user523@example.com,Woupls,Zugggirm,editor
user524,jrikokbwkb,user524@example.com,Euuzyp,Adisqbzn,author
user525,sprgiiufmj,user525@example.com,Pzvkur,Ypayijoj,subscriber
user526,pgcvemyobs,user526@example.com,Lpkugf,Iailyjcx,subscriber
user527,znamhcwldz,user527@example.com,Uguflw,Nlnbwrnr,editor
user528,jsabymdimw,user528@example.com,Tsgvpu,Wxogkxlu,subscriber
user529,goywlpgqan,user529@example.com,Kynxlx,Dyofkhhw,subscriber
user530,regehmsesx,user530@example.com,Knqnzt,Jkfdzmkq,author
user531,fwysfjtsnt,user531@example.com,Jvlrdh,Sgzszxmg,author
user532,xpyvbhspmb,user532@example.com,Nkxgul,Ozfqrojv,subscriber
user533,ocmvozkufk,user533@example.com,Bofgtb,Rjntsvcd,author
user534,psutkcyfuu,user534@example.com,Fjtxpw,Uhigtxkk,author
user535,kebdwshlzj,user535@example.com,Ahtacg,Alkpvrxq,author
user536,nkugvwzoxq,user536@example.com,Ovrkzc,Olqgpgih,editor
user537,fzfmmseolm,user537@example.com,Rzczhd,Tmtityfj,subscriber
user538,wqhgfgzfez,user538@example.com,Erxzzs,Obtgtfas,editor
user539,mcbmxoogoj,user539@example.com,Dqsocj,Xngmqvta,editor
user540,mjqaqsdhgt,user540@example.com,Kxhryi,Mspcdfeg,subscriber
user541,icjuulylki,user541@example.com,Joymbu,Jkjvvsol,editor
user542,hhkemsmhjo,user542@example.com,Nwzazr,Qnarevzs,author
user543,tmjscryxgi,user543@example.com,Arpliz,Exhrcqug,author
user544,vmatzwnoye,user544@example.com,Zudzge,Inanualo,editor
user545,axbjdeejfm,user545@example.com,Qmmmkc,Lylmekfy,subscriber
user546,grkbnlpyno,user546@example.com,Bojgyq,Dbmajcpn,editor
user547,nlysfecfxg,user547@example.com,Zteaxu,Ttnacows,subscriber
user548,pzbwkodqwy,user548@example.com,Nktgtm,Pjrsrxxb,author
user549,twtrufjlce,user549@example.com,Pwkavw,Nbiiysbp,author
user550,eoadgpnttb,user550@example.com,Tlrznp,Ghtbwutc,author
user551,wcuysdjeup,user551@example.com,Gvabrg,Yjehlfkz,editor
user552,rxpveolukm,user552@example.com,Loraxt,Qvemrjdd,editor
user553,lwaoojutmn,user553@example.com,Tmhrkf,Uximzmvd,subscriber
user554,ezdaedixtv,user554@example.com,Htffff,Cnrayvmb,author
user555,ligufbxymf,user555@example.com,Yidgyu,Buhxlhga,subscriber
user556,fcgtynnkys,user556@example.com,Rrnefj,Spoeblir,author
user557,jojufoshnq,user557@example.com,Pxuukh,Qxtyunom,subscriber
user558,jolapkigju,user558@example.com,Mdegrf,Rakvbtbv,editor
user559,navmmqdifx,user559@example.com,Nffefc,Wmafmvoe,editor
user560,bumzfelwje,user560@example.com,Zyqjfx,Lwmbzdio,author
user561,flpjnythkt,user561@example.com,Cytaoi,Noqhdfca,editor
user562,awvisndpzz,user562@example.com,Sicwkk,Fehrywuj,editor
user563,papeyobryz,user563@example.com,Qnwidu,Jznwlwxr,subscriber
user564,pgsooxotmj,user564@example.com,Paqooh,Uhwmxfzv,editor
user565,mukwtckgky,user565@example.com,Uzibbm,Fgtioobo,editor
user566,wruyuwblkj,user566@example.com,Vnwyyw,Xwzydqqx,editor
user567,vjzfkqhtcs,user567@example.com,Pmzfsp,Wxdrhtir,author
user568,wcuhucches,user568@example.com,Lwbehs,Mfrrzuhv,subscriber
user569,xrfpsccuqh,user569@example.com,Eztijq,Hjssndkh,editor
user570,ckvsbglxfo,user570@example.com,Dewmoh,Jksjhldu,subscriber
user571,okvdiyzeul,user571@example.com,Alztpl,Jpqdwxeo,author
user572,fihdgdqwju,user572@example.com,Wphbnx,Bczxeruk,editor
user573,ymgmahtnjw,user573@example.com,Tcvooc,Kqhqzpkw,author
user574,ypvnhljaug,user574@example.com,Ucgobt,Kfejcjqi,author
user575,sxkoazoulm,user575@example.com,Tqlcsm,Hjkuftft,subscriber
user576,lkqhpydkhq,user576@example.com,Fwpwdg,Uurrzpsc,subscriber
user577,cilcbjxtnv,user577@example.com,Havfzp,Atedujwx,editor
user578,bcnmovsvwl,user578@example.com,Mtjlrz,Awkdeyxo,subscriber
user579,luqxvdtyfl,user579@example.com,Kedotj,Gszxjjwk,subscriber
user580,ztetglnsuk,user580@example.com,Ixetqa,Wkmhymow,subscriber
user581,idrvseulgh,user581@example.com,Vwgvfd,Khxbebom,author
user582,yblrspofeh,user582@example.com,Rwlzfd,Kwyslwqg,subscriber
user583,vrxmzopjte,user583@example.com,Wcneqp,Ispmbdvy,editor
user584,wrenkflvbw,user584@example.com,Tmtcpa,Zexmxkgo,subscriber
user585,wkaegftlzi,user585@example.com,Nbrltj,Akbnzizt,editor
user586,fayqgicnyt,user586@example.com,Dkznzj,Pvfpjnin,subscriber
user587,rykiuyevin,user587@example.com,Rvxfqu,Cimmaocc,author
user588,kbgmgonjhm,user588@example.com,Kbcxet,Ctqcxldr,editor
user589,vfojukketd,user589@example.com,Szsswf,Nfkcslco,author
user590,yteykjjucf,user590@example.com,Jzpetr,Gidbdfhu,editor
user591,ypiubvpcvi,user591@example.com,Mbyzlc,Aablefvp,author
user592,icjlukuucs,user592@example.com,Unuptk,Ecmjmcan,editor
user593,ijkfmdwrrt,user593@example.com,Akgeln,Fiieldxy,subscriber
user594,edejgrxrhv,user594@example.com,Bdknge,Rnyaeusf,editor
user595,kaptboisob,user595@example.com,Mhmfac,Kifwiktc,subscriber
user596,kbjwrjpwkw,user596@example.com,Xdpisx,Hqjxnxih,subscriber
user597,fwscxixasu,user597@example.com,Fnxndg,Wtsjvill,editor
user598,lfadjchfgb,user598@example.com,Wokcwp,Oxwtykva,editor
user599,merpnhlvai,user599@example.com,Ldhlge,Lrjivsmt,subscriber
user600,hjwzejbilq,user600@example.com,Zwynsg,Kcaenpci,author
user601,rplwkrjtlv,user601@example.com,Mrncez,Wgxifxov,editor
user602,ldepurpnwk,user602@example.com,Aapgpi,Xxuxotwz,editor
user603,dpjhkwcopg,user603@example.com,Qvyetw,Pmchbsbs,editor
user604,aaqzfephzq,user604@example.com,Skcxrw,Mvbfjsgj,author
user605,hqamydnmlv,user605@example.com,Kkjqss,Bmtnatfd,author
user606,isbsnngpcx,user606@example.com,Yyqlzg,Ncycxpdq,editor
user607,ynrolfonnh,user607@example.com,Awpujc,Xycgcynk,author
user608,pahjgcmxhm,user608@example.com,Dzsqrf,Ukkjiqap,subscriber
user609,hhqbffdjnv,user609@example.com,Jwsnxq,Cckvazao,editor
user610,srqeqwjwhj,user610@example.com,Wwywhi,Szaxxpub,editor
user611,cielbhnmql,user611@example.com,Qwuwmk,Tfjiyhmr,editor
user612,guuzycvwod,user612@example.com,Qawymr,Rifgdqzw,subscriber
user613,dpiuoxiahi,user613@example.com,Tlxeqa,Lcnribsh,editor
user614,zdesegamgy,user614@example.com,Eauvuo,Dnldhabw,editor
user615,nwzlekxfqo,user615@example.com,Ycwcmt,Upfikwft,editor
user616,zvgfsypgtp,user616@example.com,Nznqsm,Xfnkuwte,author
user617,mffpiiwcuq,user617@example.com,Mzphok,Kyiulxph,author
user618,vtfgezuicr,user618@example.com,Dcrmhx,Qbpdukqk,editor
user619,xjbmdaosks,user619@example.com,Rmjcqb,Uaaeilxr,author
user620,vaelkwknop,user620@example.com,Eirsqh,Xjgqqtlf,editor
user621,fpwdvovixz,user621@example.com,Owtoua,Ordpuzxt,subscriber
user622,ywmhpwvscj,user622@example.com,Jrtoxn,Rgzthdir,subscriber
user623,slxugijknz,user623@example.com,Ouueyg,Dxwrjnvj,subscriber
user624,ywusaieyfz,user624@example.com,Hdxldf,Rytmagzl,author
user625,eveosreees,user625@example.com,Bgpdzv,Qocblhrx,subscriber
user626,gcttiacfsk,user626@example.com,Ofzxuf,Qqzsxqcv,subscriber
user627,ybemyknuph,user627@example.com,Ylszfc,Gzhharot,author
user628,isrgtpgeen,user628@example.com,Cslwea,Tnsozrhr,author
user629,vorgehgwue,user629@example.com,Blccvs,Oclvlgwl,author
user630,rasvhecxgg,user630@example.com,Mklvhv,Nycyuvxs,editor
user631,vaxexnouqe,user631@example.com,Lruypr,Cvfdomch,subscriber
user632,olqpavlmzx,user632@example.com,Npzuts,Jzsziryu,subscriber
user633,jkkcsqmzyx,user633@example.com,Ctjlwh,Cpupqped,author
user634,nnpmzacowh,user634@example.com,Fvbiyy,Msxiebnr,subscriber
user635,rakrzldlkg,user635@example.com,Wwcdiz,Nypfaafy,author
user636,sddoajjpsx,user636@example.com,Hukewe,Zjjjdxsi,editor
user637,xpukpuijjp,user637@example.com,Hybdll,Jyhvpgfc,editor
user638,fygvsmtvgt,user638@example.com,Jmkakx,Jwsssxkq,editor
user639,njajakyxkn,user639@example.com,Xxltai,Zuizkais,author
user640,bmllopguqe,user640@example.com,Qnxxwr,Znlheefq,author
user641,fupzkwfsed,user641@example.com,Zhbcwi,Dagqydda,author
user642,lhqnrjtldk,user642@example.com,Sgsbsq,Vknbboez,author
user643,dozmrwnohs,user643@example.com,Iuamdf,Khxycwty,editor
user644,pywhgejuey,user644@example.com,Uoqypq,Pixrqfkh,subscriber
user645,pwjbvybajy,user645@example.com,Womapw,Llhwbstv,editor
user646,gckmdlajdn,user646@example.com,Wjzhvg,Ociczqta,subscriber
user647,hskxdpcygg,user647@example.com,Guzzvm,Ocdodlod,author
user648,uerdtkxdus,user648@example.com,Rsjkrt,Usaibowl,subscriber
user649,fizqqqfezv,user649@example.com,Vtrvng,Eviqzmwb,editor
user650,jxnpeobqgt,user650@example.com,Ufjhwi,Yqmhokwr,editor
user651,eajyxbtznj,user651@example.com,Zonrhj,Waadzhog,author
user652,qvleuforbd,user652@example.com,Unalxq,Zrannfte,editor
user653,xbqodqzbds,user653@example.com,Yykplk,Rlwhjdbk,editor
user654,tgeecwqhti,user654@example.com,Qnjxvv,Wtpuwwui,author
user655,ztuwejybaf,user655@example.com,Gomwfj,Racmqvvb,author
user656,wmiympoxsk,user656@example.com,Jtwadp,Spiqylgb,author
user657,xszpcimpht,user657@example.com,Ilqsts,Befwlajk,subscriber
user658,bxguodykbn,user658@example.com,Gamwmh,Gjhjyybs,author
user659,rymoehajsr,user659@example.com,Ivdlvk,Tocvnuab,author
user660,ezywyvutbk,user660@example.com,Wxmdgu,Mfkjktpg,editor
user661,sncgpduoco,user661@example.com,Fcbpub,Jhecaqbb,subscriber
user662,dpzgauzkve,user662@example.com,Pqnrpl,Dvknvxfn,author
user663,ajmlsthawe,user663@example.com,Qhfvsx,Whnxyexa,editor
user664,dyxpxlcizl,user664@example.com,Foggsz,Slgiivcj,editor
user665,mvsedmkzjf,user665@example.com,Zbafxt,Inhpfjrs,editor
user666,ucictbikem,user666@example.com,Acgvnf,Zpyipvgg,editor
user667,owvoqpnplh,user667@example.com,Wdpjmt,Qaargfaw,subscriber
user668,fbcyoxseje,user668@example.com,Rdxqcd,Svkjiqun,subscriber
user669,yflxohkytr,user669@example.com,Xbcgpb,Ohohqdbo,editor
user670,cfnwdgqgtm,user670@example.com,Ohbasl,Sbdvwxxj,editor
user671,yfyoyishnu,user671@example.com,Vuxmwh,Lsnhissk,author
user672,zlfdxzkgwj,user672@example.com,Wdixqp,Ghtkjevf,subscriber
user673,qqxbbkgfbo,user673@example.com,Ftlhcr,Pdlyvnaj,subscriber
user674,euunontpkk,user674@example.com,Ofqevl,Zgfjspnl,editor
user675,pdxmongkws,user675@example.com,Syclru,Pfjjlgce,editor
user676,udydkjimlt,user676@example.com,Aqshjt,Praukxmc,author
user677,rpxnbmsqmc,user677@example.com,Ezwpyi,Gsmhhkel,editor
user678,gsxseevlep,user678@example.com,Tkouvi,Rftpvtrv,editor
user679,lsbjfpbobe,user679@example.com,Rmtftj,Bpkjuycu,author
user680,ustbxdegqb,user680@example.com,Cpqyjm,Rwtjoznx,editor
user681,hikztvzkrg,user681@example.com,Whtyrm,Cleenpyy,editor
user682,onsfafobvf,user682@example.com,Dwugcl,Hugfzrjm,editor
user683,vwbvjqbxmi,user683@example.com,Gqexcs,Yftkatzb,editor
user684,miriyoyctp,user684@example.com,Gjubee,Utgruxwm,editor
user685,ujgelvtajo,user685@example.com,Uuecpt,Edxklmxy,editor
user686,gpdbhluzvr,user686@example.com,Mwvfnb,Jafjlomt,author
user687,zeyoepxuzb,user687@example.com,Xmgjbo,Wpjdpjvi,editor
user688,gggzmbmyap,user688@example.com,Jbkhnd,Dwzackhk,editor
user689,blgcmwoscx,user689@example.com,Qyahfo,Yhdelimp,editor
user690,snkyuaokev,user690@example.com,Igsmdd,Xixpbjhk,editor
user691,dmybarwfls,user691@example.com,Alcfix,Iimwjmiu,author
user692,kwuefxsogc,user692@example.com,Wybaul,Wnnijxru,editor
user693,wtdmrwttdf,user693@example.com,Mgodrb,Hjmwocdo,editor
user694,rafwyuvehr,user694@example.com,Orjpjq,Ebenkjoa,editor
user695,byxbfdjkvy,user695@example.com,Lfueon,Kvpettvv,subscriber
user696,yovulmmerw,user696@example.com,Qxcmur,Jjtvxnhr,editor
user697,ulrhpaiacp,user697@example.com,Btfaad,Fzzvpvle,editor
user698,piyxgzxjxs,user698@example.com,Pqjhvu,Oyzjpkjd,editor
user699,lgpszwgwqq,user699@example.com,Hebbzm,Zuinjvdb,author
user700,xanlpqsqai,user700@example.com,Houzuy,Qfnvvbfu,author
user701,gbkalfbhrw,user701@example.com,Dodgyf,Nknrlvci,editor
user702,rbghrjtzgg,user702@example.com,Sqorxq,Ibeshhbe,subscriber
user703,izfceasjcc,user703@example.com,Twikqr,Kwtcaxyl,subscriber
user704,fkiijqodvg,user704@example.com,Mpwuod,Ooxwglnu,author
user705,ecpxffcmsa,user705@example.com,Ctvthk,Llmwliwu,editor
user706,lhldqmnsfk,user706@example.com,Zwmmwm,Gbysjvsd,editor
user707,givweiavbw,user707@example.com,Kpsyqv,Jtwkoeho,author
user708,dturmenghi,user708@example.com,Wkaixh,Rrfilxfi,subscriber
user709,zeaycycvvk,user709@example.com,Orjaxw,Ohlrtzyc,editor
user710,mpmdlbqnpv,user710@example.com,Gxnkvp,Nqsdtcei,author
user711,zyggqfgozc,user711@example.com,Hscrpn,Toevsvkb,author
user712,gnyltmfdww,user712@example.com,Xfxqnh,Ufrqdbzm,subscriber
user713,hbfszcuiqq,user713@example.com,Zaimem,Amzbdmvp,editor
user714,usalvqahsk,user714@example.com,Mestby,Sierllbc,subscriber
user715,gueuefteaz,user715@example.com,Qmgyos,Yvkrbsku,subscriber
user716,wouyvfscue,user716@example.com,Evjcvb,Pqqertwh,subscriber
user717,lxvfavpaou,user717@example.com,Abgttb,Wnxlsina,editor
user718,uclcdvrcwq,user718@example.com,Vzpmlz,Ixbnebnx,subscriber
user719,xsawvnqnxg,user719@example.com,Vysprt,Wvhbfmie,editor
user720,fxsxhwpmic,user720@example.com,Ysouut,Fzzkqazd,subscriber
user721,nhfmudaeel,user721@example.com,Dhgjee,Nljnpusq,subscriber
user722,ampugwsszs,user722@example.com,Ryscdg,Atuozhrq,subscriber
user723,xzbuqwwmma,user723@example.com,Wgbpsb,Jclqyqyz,subscriber
user724,dkancjjiwc,user724@example.com,Ucbhzl,Qparipnw,editor
user725,mbzwwtqnah,user725@example.com,Pjwnda,Mgpnofqs,subscriber
user726,rliqjknnde,user726@example.com,Jbtpkt,Rynhfpyf,editor
user727,ctxlizksqc,user727@example.com,Khcflw,Uyrfaeob,subscriber
user728,liiosjunah,user728@example.com,Hpfshc,Lrszpebq,subscriber
user729,ctdwqmcysm,user729@example.com,Otpamf,Nkonuuld,editor
user730,bydjehcdrs,user730@example.com,Cdfuuk,Ozzqxwhe,editor
user731,pohmmbhzho,user731@example.com,Irknmz,Wziqnzbt,author
user732,hlkbshhyou,user732@example.com,Bsifgh,Hylprylw,author
user733,lvbsgdtfuy,user733@example.com,Ncuxyh,Dgruhggq,author
user734,tkdzvekltu,user734@example.com,Hfdyqs,Jpoxrrbe,subscriber
user735,jsoxicfnmf,user735@example.com,Ugzcyy,Dnmpulel,editor
user736,dqneaggfwi,user736@example.com,Rpfcvq,Ogsavkli,subscriber
user737,woqtxxkcei,user737@example.com,Sjopbz,Avexkbab,author
user738,adfemqeekk,user738@example.com,Yzwomo,Cmbwoeii,subscriber
user739,aoutuqnbnm,user739@example.com,Gbledf,Azuwvuqw,author
user740,ikxofcicid,user740@example.com,Cfzcah,Agpgmnzg,author
user741,gfrurcuhvz,user741@example.com,Eqiaaf,Pydhdhkj,author
user742,ytpcrkxknh,user742@example.com,Snvggh,Qgkbmwjs,subscriber
user743,zjlbnirgpi,user743@example.com,Rdkrdk,Okxymzvb,subscriber
user744,twymecbzfk,user744@example.com,Btbfzj,Qnnmsbcw,editor
user745,kpmxurgdtv,user745@example.com,Jksgoh,Lkhwkxxq,author
user746,ebhkdewklj,user746@example.com,Vskyhe,Yoydxshi,author
user747,xihkzeqszu,user747@example.com,Nzxdjp,Oowwcrvu,editor
user748,xxeyeaxcsm,user748@example.com,Llsejq,Prznenqb,editor
user749,lhpqgmdrvw,user749@example.com,Svrxzr,Hbpoapwp,subscriber
user750,xpyoixpfjl,user750@example.com,Kcnule,Dhzkmxnl,subscriber
user751,gykijbucly,user751@example.com,Zdhgry,Wyynzbmq,subscriber
user752,lgkczvtuxx,user752@example.com,Ngviyu,Qosbaofu,author
user753,hwnhxqytnf,user753@example.com,Digygz,Vyrfbpee,editor
user754,baokxmnxxr,user754@example.com,Xtmnah,Opvjcmel,author
user755,tuetziuqjn,user755@example.com,Bgkkth,Gzqclfkb,editor
user756,xhtcpspaff,user756@example.com,Zepeqx,Hlqbthtm,subscriber
user757,agksbzqktz,user757@example.com,Kpuope,Yplqswhi,subscriber
user758,tyiabssdcp,user758@example.com,Qnghmw,Wlanqpen,editor
user759,tlddjnmfzx,user759@example.com,Govkai,Naonpmno,author
user760,vvimchmrtx,user760@example.com,Xxjfuk,Efinqhvq,subscriber
user761,gxxkhpcjlt,user761@example.com,Alubko,Vgyykkmu,editor
user762,csdfwmqahv,user762@example.com,Rbieiw,Jzngzhvv,editor
user763,gbuidrlxzf,user763@example.com,Fmzxwc,Jqsmozzr,author
user764,pqhsjwtrkd,user764@example.com,Xupweu,Tybsqwgf,subscriber
user765,dnphfavjmb,user765@example.com,Hvspom,Pvwxeeap,editor
user766,trehxwskdh,user766@example.com,Brvbsy,Qlccfmsy,editor
user767,ozocrqhypt,user767@example.com,Wkkdga,Tcpzucod,editor
user768,wrtyrlpuwi,user768@example.com,Leeqam,Ymfoaqsr,editor
user769,vejwftsaxp,user769@example.com,Avuzqa,Pcglsqhf,editor
user770,ssfcrnlblx,user770@example.com,Mvqhbs,Irmwalhy,editor
user771,wglpomfpyv,user771@example.com,Jzhbsa,Yakvmtxi,editor
user772,edpbsxzvec,user772@example.com,Fagvxh,Nqjqexqw,author
user773,mhcbjliwif,user773@example.com,Olbbny,Xoixypkb,subscriber
user774,qdwyimygih,user774@example.com,Rltedn,Egxdunov,subscriber
user775,qyslzgbmxo,user775@example.com,Welrda,Lzpdwkdh,editor
user776,svryzlbtkh,user776@example.com,Kobwmg,Mjkbeosl,author
user777,hebbrjcbdr,user777@example.com,Rexoij,Mjylrdaz,editor
user778,rntredlbhc,user778@example.com,Kuuxry,Kmraospv,editor
user779,oaxtcboaif,user779@example.com,Cxweyd,Duqasivq,editor
user780,zjmqdpioql,user780@example.com,Bpthmq,Cghqdngs,subscriber
user781,rnhrbknijz,user781@example.com,Whwyyi,Ejosceat,editor
user782,gvqjjcyvjs,user782@example.com,Oafevq,Wvbegxlw,subscriber
user783,lccfebphzk,user783@example.com,Dkbusp,Uxymzsbi,author
user784,rskxxzugca,user784@example.com,Rwffoh,Oawqcggz,editor
user785,rjbnwtaixa,user785@example.com,Tegaer,Inenaisd,editor
user786,zqvagjbbok,user786@example.com,Vwznzo,Izwoiylr,author
user787,cnygaabdgo,user787@example.com,Mplvff,Eqkxapwb,subscriber
user788,ylmwlmovea,user788@example.com,Zxrdiq,Zefbgpvg,subscriber
user789,lcpneypdkv,user789@example.com,Kmvtai,Flwfavkf,subscriber
user790,cgjvcmjzol,user790@example.com,Eyaxjl,Pulthvyy,subscriber
user791,kmkjkfwytj,user791@example.com,Ektzvc,Tmfpwwcb,author
user792,xjzorvenhh,user792@example.com,Ngzsqq,Wkweewqh,author
user793,jalqyilxme,user793@example.com,Bimpjo,Lipdwprr,author
user794,unvshzootq,user794@example.com,Uyiymc,Tqvzybdd,author
user795,namecsxddp,user795@example.com,Hqebtu,Dsszimul,editor
user796,kzyhqacuay,user796@example.com,Hmdaui,Utowvcmt,subscriber
user797,qphmrddptc,user797@example.com,Hkesks,Sxpwfsrb,editor
user798,bhtvyjlnaz,user798@example.com,Cfuyef,Fmiojdxj,editor
user799,ficaykcihm,user799@example.com,Vqyfaj,Neqyeqmh,editor
user800,uybakxhzoy,user800@example.com,Qyywbc,Wkkvnsua,editor
user801,vwsiznpgee,user801@example.com,Ssccdy,Srjicelp,subscriber
user802,fiuqorlldw,user802@example.com,Pcqwfh,Ckwmqkdg,editor
user803,pejakcchsn,user803@example.com,Ifqrdb,Wqyjhbil,subscriber
user804,kaakbnyicw,user804@example.com,Zshpku,Qdxldepb,editor
user805,xcatjaodmu,user805@example.com,Lyxxbu,Nyvqfnqe,author
user806,jkeecqxczm,user806@example.com,Oxguvm,Ulmsaqvu,subscriber
user807,grsftdhlah,user807@example.com,Rwgoeq,Pvdxbpct,editor
user808,kygfedkjyc,user808@example.com,Ebqtvl,Woyotqlj,author
user809,cknzlnvjvb,user809@example.com,Jhfkxv,Rymxjqhn,author
user810,ssuqxbllxc,user810@example.com,Nnvrad,Wbnmmpau,subscriber
user811,fdwnqgbwsn,user811@example.com,Saotwc,Davjsdfx,author
user812,fcoebuqiyu,user812@example.com,Irnjrh,Pkldmorp,author
user813,heofhrmowk,user813@example.com,Rixhrr,Tiwgsvdu,subscriber
user814,ctvnfsymrf,user814@example.com,Nfldbf,Knkrhuit,subscriber
user815,gbnzqhqfjl,user815@example.com,Rzoiic,Jvoakakf,author
user816,maebafuxei,user816@example.com,Pwnkku,Cxefnxtq,editor
user817,ftycksuzfm,user817@example.com,Vurlip,Uvwuoquj,subscriber
user818,hdvibpazdv,user818@example.com,Rezogl,Euvzpgvw,subscriber
user819,kkywsrfbsg,user819@example.com,Alxtwo,Nmrhgnys,subscriber
user820,pfdllnxyvr,user820@example.com,Tkgqbg,Srbwinyb,subscriber
user821,qhoatmggcx,user821@example.com,Mszupz,Zrfvbbas,editor
user822,qbymgtykqx,user822@example.com,Iohjfl,Siomagxx,editor
user823,gnddslbxzy,user823@example.com,Limfgi,Rnmhctvt,subscriber
user824,kywulegskp,user824@example.com,Elmgmj,Udtukdet,author
user825,oycjmkriiv,user825@example.com,Svusmj,Ernmscoc,subscriber
user826,xkhbazdkyf,user826@example.com,Qjvqtd,Hlhaovhf,author
user827,bhrekmncue,user827@example.com,Ldhjkw,Bznezbfn,subscriber
user828,chkvwpyzqt,user828@example.com,Krqnmc,Ogquhvvi,subscriber
user829,jhfnvhcpdd,user829@example.com,Rqnmqx,Lmrylolq,subscriber
user830,wtictqvxad,user830@example.com,Bkofpb,Ncmdswvq,subscriber
user831,wwizbnjggj,user831@example.com,Mfuyph,Aqpuzooj,subscriber
user832,bxxqtbmata,user832@example.com,Ttnyok,Llsctohp,subscriber
user833,wvgtiuwcmz,user833@example.com,Audcah,Spaylxms,subscriber
user834,aftwuknqmp,user834@example.com,Oyefdl,Dxbvmjqv,editor
user835,yynlatzrcf,user835@example.com,Ctegyy,Nqaukfsx,author
user836,ksvcwimvgx,user836@example.com,Jobxgb,Sipuxwnr,subscriber
user837,swswudnsok,user837@example.com,Gxaymq,Spveiukn,subscriber
user838,nawhzdpcie,user838@example.com,Zvuixi,Ubrhilbz,subscriber
user839,ykiavrjjmu,user839@example.com,Eiwdcq,Qktygokf,author
user840,zqcyenldaq,user840@example.com,Uocugq,Qyumepdt,editor
user841,dcefgguojo,user841@example.com,Vojvnp,Qtdzbwdu,editor
user842,slwmlfoxis,user842@example.com,Cwgpyq,Nnmetecw,subscriber
user843,tmlcsxwzrb,user843@example.com,Ondsfq,Hzezxocc,subscriber
user844,zakbxknrmo,user844@example.com,Akpjcf,Idiwiaxz,editor
user845,wzlssaumrp,user845@example.com,Uaiiul,Gemhlfrg,subscriber
user846,jfojnzlfur,user846@example.com,Orlmbw,Fqxkrfjt,editor
user847,fuhkgavstb,user847@example.com,Akqrzl,Ybksrrxq,author
user848,okdijqfmat,user848@example.com,Xcyezm,Wrziigdd,author
user849,pfozuqhsor,user849@example.com,Uecorm,Xyzoxdce,editor
user850,eizrglnkhi,user850@example.com,Lexdra,Upcyaqoi,subscriber
user851,sisesumaqi,user851@example.com,Bzgpnm,Xrneonpi,author
user852,nwsuwkoqxs,user852@example.com,Rlrjqr,Ekqbfauf,editor
user853,jvuxcjxytx,user853@example.com,Iazlpi,Dscmibvt,editor
user854,pskedcdafv,user854@example.com,Entkfh,Glmtxexm,editor
user855,yrtmjgumuy,user855@example.com,Pzlwnu,Jjkotdhu,editor
user856,wvnvithycg,user856@example.com,Nbzmmr,Etdyoksr,author
user857,fhmhrlpbkb,user857@example.com,Scmflv,Hnbxhfuj,editor
user858,divzelixhk,user858@example.com,Dgqyxx,Ddfvudzn,editor
user859,czsqxnetgt,user859@example.com,Tqwhkl,Ipoaymut,subscriber
user860,xbgvdxugoz,user860@example.com,Dpxfns,Mpfkiufl,subscriber
user861,oeadknkehe,user861@example.com,Cpmysh,Dzexlrlz,editor
user862,tilhlzgaui,user862@example.com,Abqlkz,Vlkcpwrj,editor
user863,odsjihlpct,user863@example.com,Xjujib,Kltzrnjv,author
user864,oiupnsueie,user864@example.com,Kmbikv,Huxribiy,editor
user865,hecwolntzc,user865@example.com,Jrlref,Vcfprznz,author
user866,xbgxwyabbl,user866@example.com,Vrfvax,Xufbylef,editor
user867,sbaruajwts,user867@example.com,Bvtnzk,Awtsgcoz,author
user868,auxmxntgrk,user868@example.com,Jcsbwp,Qtwaxjwn,subscriber
user869,urhknljunf,user869@example.com,Bndbwg,Peitysrn,editor
user870,gnkkfskbup,user870@example.com,Giduoo,Pekqjoki,author
user871,daurgfyozt,user871@example.com,Jaljie,Mwafejdx,editor
user872,gioclnqcsp,user872@example.com,Dwnehr,Hzdkrizr,author
user873,kxcjyxvejq,user873@example.com,Vtmxba,Dntbmjol,author
user874,lxsijkkqbt,user874@example.com,Alxrex,Rroxkdcd,editor
user875,nhmbzmqghi,user875@example.com,Rmvubr,Fneckjvg,author
user876,tjiglrydku,user876@example.com,Phbahs,Uvnmsefq,subscriber
user877,gjlaylcbtz,user877@example.com,Kjiwaf,Bbqimfyi,editor
user878,edcejhopfg,user878@example.com,Xcyiqq,Rhvyopbi,subscriber
user879,wwowfzfiny,user879@example.com,Lfrzpg,Ixhtwpla,subscriber
user880,ifcfjxzikt,user880@example.com,Efuokv,Xhwvdqmm,author
user881,nmwfrzxqhx,user881@example.com,Tqpbir,Hjbszxrw,subscriber
user882,cvqdkamzsy,user882@example.com,Kpkiri,Enexrrbv,subscriber
user883,zdkrtpywmf,user883@example.com,Pcebtc,Bimeacgb,author
user884,deqxwsveyy,user884@example.com,Kvdubp,Yfjtzakn,author
user885,kjrjqxoqpr,user885@example.com,Fgzfhj,Izbmjfvf,subscriber
user886,rhhcjnslof,user886@example.com,Jhqxuc,Naqtrbex,subscriber
user887,phyozxfvdn,user887@example.com,Vqhpal,Xeigdxwh,author
user888,tjjmhncxks,user888@example.com,Fbflcu,Qcpeoira,editor
user889,zxkzwnzsim,user889@example.com,Nezawh,Umospmyt,author
user890,ptrrjongft,user890@example.com,Yccmfl,Egsalpwy,subscriber
user891,rxdzlzsaqx,user891@example.com,Lwgttr,Nrbabyfd,author
user892,cyojsgkxpz,user892@example.com,Oziwgw,Qrvcdwvk,editor
user893,lrbsgslxrc,user893@example.com,Ttxbsd,Ifsiujug,editor
user894,yzgoogbxsv,user894@example.com,Joakau,Jpmkrziq,editor
user895,veubwclemf,user895@example.com,Zazyzi,Tfmetxga,author
user896,dgemxzseow,user896@example.com,Oqinfu,Yzvlmkky,subscriber
user897,tcqquwdkkx,user897@example.com,Dfxrgo,Ibqivfwk,author
user898,xtdllailna,user898@example.com,Wcctnj,Kjuwzlyr,author
user899,emqdycgtwe,user899@example.com,Kpmurt,Ftpgrugg,author
user900,irobkuaigr,user900@example.com,Ymqecj,Hwihinev,subscriber
user901,jppdrgoofz,user901@example.com,Gpfipf,Sttyshkh,author
user902,zotpnogevf,user902@example.com,Riafgv,Icfgmyzp,subscriber
user903,jfaizqrmwc,user903@example.com,Vdavkm,Uegkbiat,editor
user904,nnhhhweyob,user904@example.com,Wwfjty,Dmssrice,subscriber
user905,uvilzjrpfe,user905@example.com,Suqyfr,Mankbygn,editor
user906,vmxyabzqdm,user906@example.com,Suvyje,Bcybdyeu,author
user907,lynyiwftze,user907@example.com,Usrcnl,Fmewnkig,subscriber
user908,jnphmdjmnl,user908@example.com,Vwabhb,Ufflkurn,editor
user909,xhpqkjlrys,user909@example.com,Dlcbjs,Acbiosnz,editor
user910,uxudaxrtqk,user910@example.com,Mjfevi,Qnfhdfmo,subscriber
user911,fsyspklcta,user911@example.com,Jgwqls,Dpkroahu,author
user912,bihbtrsfga,user912@example.com,Posvax,Ihloqtty,subscriber
user913,yyzapdkbwj,user913@example.com,Eigvad,Jevacgpa,subscriber
user914,iuaxubzzmi,user914@example.com,Lpnxgr,Qsseyhpy,editor
user915,nqmuxwoprg,user915@example.com,Lcdvur,Dueskivc,author
user916,dvsmyvqhcr,user916@example.com,Wtjnlf,Slkuyjrg,author
user917,byrywmwpbm,user917@example.com,Nybljj,Djlkjkpv,editor
user918,vnjumuflqg,user918@example.com,Pxneut,Dasujngs,author
user919,jgwrqbwtau,user919@example.com,Omkfaj,Utzucgva,author
user920,qckhamxcfz,user920@example.com,Vjsjkj,Oyyvcrsb,editor
user921,jnvsprjyxa,user921@example.com,Xhccif,Rkxokmjd,subscriber
user922,rwhalhowdw,user922@example.com,Nahfdz,Asrgcaef,subscriber
user923,nsddanzfts,user923@example.com,Lbhdpd,Joqleskg,subscriber
user924,btvpgubiaa,user924@example.com,Bsyesx,Bskyflpm,author
user925,tuyicryhqf,user925@example.com,Npcghd,Fsgxxbxd,author
user926,smohvfuyzt,user926@example.com,Uvxtlx,Amjbzhjq,editor
user927,vpadjjpxqn,user927@example.com,Xoqqdy,Qgcdgscf,author
user928,cqkqhcsynr,user928@example.com,Uvjucl,Bedokswb,author
user929,peeoepelry,user929@example.com,Adnjid,Oiyvwqxu,subscriber
user930,vhuooktcvj,user930@example.com,Znypbw,Eqmfovgm,author
user931,xziepbnuhm,user931@example.com,Jcdwft,Vudyxszh,subscriber
user932,tunkkqrhcn,user932@example.com,Mbfqxd,Erclnygj,author
user933,yoyetdzfny,user933@example.com,Aswpdx,Oelhqhqw,author
user934,qgswzqccmp,user934@example.com,Slaahp,Nfkfszfk,subscriber
user935,neuauugrhv,user935@example.com,Dmephh,Nfzvwbib,author
user936,sgkuxeinig,user936@example.com,Hciuxa,Ruvebpio,editor
user937,dphjqcoyhz,user937@example.com,Jqkkfv,Rtqdmqqr,subscriber
user938,qicogizook,user938@example.com,Rjoadw,Pcgvbqvv,editor
user939,lqbmxbnujg,user939@example.com,Ackgtz,Mjgpntvw,author
user940,atsohdmfiu,user940@example.com,Qxqbea,Vsiqgchg,subscriber
user941,zhahmpgrgt,user941@example.com,Ejckjv,Aywoenzq,editor
user942,ktofcrcxei,user942@example.com,Verkxs,Dbfhfsxo,author
user943,rlekamdqpg,user943@example.com,Vmbcfg,Pvejozpf,author
user944,ygtigsftit,user944@example.com,Wtxfns,Tkkhvqsp,subscriber
user945,zrwqjrstdn,user945@example.com,Cnbjwe,Uyakxrng,author
user946,fuzotiajoh,user946@example.com,Whpokd,Qykxbuom,editor
user947,tixqeqzikf,user947@example.com,Sntaok,Mtvsiupr,editor
user948,pxuxaccdob,user948@example.com,Pgrxxs,Kiaquthp,subscriber
user949,toyycryzsh,user949@example.com,Avdyzl,Awtedpkh,author
user950,gigqmycpyr,user950@example.com,Dlmbla,Zrmxymvf,subscriber
user951,gkaiybvvhe,user951@example.com,Ivkefi,Sygvuwml,editor
user952,bfagictkku,user952@example.com,Fsaptr,Gadlwnob,author
user953,hsmcqamlfj,user953@example.com,Wydstf,Jvlijnfe,subscriber
user954,vzgjtarijs,user954@example.com,Nouoeo,Abhsnsdg,author
user955,ylessmgwhm,user955@example.com,Yafufb,Lzjgnmpp,author
user956,vjwnulzgyb,user956@example.com,Qrgxvl,Laracwok,editor
user957,ncdkkrisxu,user957@example.com,Qikxos,Xgulopkv,subscriber
user958,yxzwkxhldg,user958@example.com,Tcsnnj,Okadjqvn,author
user959,ihrzdziuqq,user959@example.com,Njlqoa,Afmalzrg,editor
user960,bfkcsfhktd,user960@example.com,Cfkwwl,Hdepydbt,editor
user961,rpqsyorhwu,user961@example.com,Xditfs,Iqoxogzc,author
user962,fgljlokaae,user962@example.com,Jfprhz,Lzwmzvvr,author
user963,seqytfkuwr,user963@example.com,Aqbrnq,Jcsjfjjt,author
user964,xippuwpglt,user964@example.com,Fntrgj,Sodzbjor,subscriber
user965,yzhomkhthh,user965@example.com,Vtofhi,Sybtqeml,editor
user966,piohmynqkd,user966@example.com,Cfoyep,Yixczawz,author
user967,qsbmsomlgb,user967@example.com,Ynlbuy,Apodfkqa,subscriber
user968,vgkmkprnpf,user968@example.com,Ctumww,Stonkmcg,editor
user969,ediqwuuimu,user969@example.com,Ftjrvu,Haftojeg,author
user970,bgmzpgixjz,user970@example.com,Qlvtqb,Vxfcwfun,editor
user971,xfbmgqccoj,user971@example.com,Xkpqth,Dggccise,author
user972,flbrdbwgux,user972@example.com,Kwuvjd,Iblxqzkb,author
user973,okxwpzwwyp,user973@example.com,Qtucvr,Wjcrojhm,author
user974,rsmporntuu,user974@example.com,Rdsinx,Uevlrqht,subscriber
user975,qfzmgnczpo,user975@example.com,Qwqpas,Riiuouhd,editor
user976,lttmrplocz,user976@example.com,Seiojt,Gtsqejed,subscriber
user977,jntpctnafm,user977@example.com,Fctcrp,Zibbnkpr,editor
user978,juxnbnaagy,user978@example.com,Mauwgg,Xziqpdcs,subscriber
user979,pkyevgmjwp,user979@example.com,Gziayp,Yctinxtk,subscriber
user980,gdllwpoxvl,user980@example.com,Yzdeug,Jjbvohaz,author
user981,atzhviwwab,user981@example.com,Lrlcsj,Ezggzatm,editor
user982,qbgbnvmfiu,user982@example.com,Apoedn,Izyevazs,author
user983,cujobsxagc,user983@example.com,Twdnko,Qphlqazs,editor
user984,zjwldrfvbc,user984@example.com,Yyrlfm,Wdyrwnuu,subscriber
user985,itpgrlovas,user985@example.com,Jkeutf,Ifjisltt,subscriber
user986,csxrpmvujq,user986@example.com,Ifrhhy,Xkryexpg,editor
user987,qrrozxlott,user987@example.com,Ralvmd,Qutznwrs,subscriber
user988,cizecqfklh,user988@example.com,Umgdpq,Adolrlqe,subscriber
user989,uvhztjjddk,user989@example.com,Tpbxyb,Webgvccd,subscriber
user990,tlocilqzcf,user990@example.com,Jamrrg,Yxnxiapj,author
user991,czgroimozu,user991@example.com,Qwbjjw,Lozxqfwe,subscriber
user992,jakxqouzre,user992@example.com,Gbuifu,Flrtjfmi,author
user993,cxmfmhjhue,user993@example.com,Cutytv,Fjneotyj,author
user994,ittvkfssac,user994@example.com,Ucaiej,Fqknnfgq,editor
user995,cbiljzjxjw,user995@example.com,Lgbhqp,Oruwaypb,editor
user996,zysscconfz,user996@example.com,Bcchvb,Ptbsgjmm,author
user997,sjnlxzxqmi,user997@example.com,Jdlpyp,Oxfglbzh,subscriber
user998,xonleqcesp,user998@example.com,Qsqutt,Xtfxnnbl,author
user999,zifpzpkdsx,user999@example.com,Gtxgby,Fgzbkuqz,editor
user1000,tmdzuifnlr,user1000@example.com,Puaqbu,Xnppsgzn,editor
user1001,ahybivbzet,user1001@example.com,Igpmfd,Cjavqcuq,author
user1002,pyapquoqkz,user1002@example.com,Qqjlzl,Liuvqfsf,editor
user1003,xwcjjmioke,user1003@example.com,Btxgen,Rbqpoelv,subscriber
user1004,ksilegseqg,user1004@example.com,Kmldlm,Cmtdxfvi,subscriber
user1005,jlapjltfoq,user1005@example.com,Hrrfuu,Qtocozwp,subscriber
user1006,cfnoldunjo,user1006@example.com,Gjckev,Okpcdocp,editor
user1007,ivmverjnru,user1007@example.com,Hznxeo,Bwsrpkak,subscriber
user1008,mywzopfvbi,user1008@example.com,Aqmahd,Umcvxbns,author
user1009,gnhqnavnel,user1009@example.com,Cavkyu,Bjoakrzh,subscriber
user1010,fikkmiianj,user1010@example.com,Yaaoos,Wxsqaotd,author
user1011,byijbuftmg,user1011@example.com,Ipwvpj,Pfeupaxv,author
user1012,knmtuweulz,user1012@example.com,Ksgopb,Tkfywelm,author
user1013,mlldrvzzhz,user1013@example.com,Rgsdic,Cpxaruhr,author
user1014,bbadhvqxvh,user1014@example.com,Ygakvx,Cgiqzcgy,subscriber
user1015,ehkodrrnqf,user1015@example.com,Yxtcas,Ceapitxr,editor
user1016,gpmzclaple,user1016@example.com,Qhzfjz,Pqpcvsum,editor
user1017,qmrrlineqe,user1017@example.com,Tptirm,Iofbesqw,editor
user1018,cwxncsgajy,user1018@example.com,Sqvcmf,Lsqqqepe,subscriber
user1019,rxgwunjxqu,user1019@example.com,Ghktje,Ghjjnyiq,editor
user1020,nhwnmthpuf,user1020@example.com,Fzzpnj,Lkmetuao,subscriber
user1021,jgyuiovhah,user1021@example.com,Kywsxl,Gwvpvyne,editor
user1022,ycbrnpqrcf,user1022@example.com,Fdvdcy,Iyogvtal,author
user1023,aeibycxwqw,user1023@example.com,Elmmjy,Iwevbuaz,subscriber
user1024,arnscmkjcw,user1024@example.com,Gyepud,Molgrkto,author
user1025,xudgtdnwor,user1025@example.com,Haebos,Zprcnsvp,author
user1026,mmyiesewcm,user1026@example.com,Cwnkgw,Oxryvnye,author
user1027,oteydrxcoe,user1027@example.com,Wsvxls,Xxavozlo,author
user1028,mpobqttlcr,user1028@example.com,Dcysnc,Tnsazctb,editor
user1029,tsgsivbqwp,user1029@example.com,Dwmhbj,Wjdnwgxl,author
user1030,rmimkzqimf,user1030@example.com,Lqggsd,Xvtmccud,subscriber
user1031,thiqblmvzf,user1031@example.com,Wfrsjf,Utpnafzj,subscriber
user1032,ucnmpwqwfa,user1032@example.com,Liehsj,Soqtkqov,editor
user1033,kvpzwhhjhy,user1033@example.com,Qymqpz,Ifkqhejg,editor
user1034,rilbftxsuu,user1034@example.com,Yxkxap,Tssifuag,subscriber
user1035,inypkfcmbb,user1035@example.com,Hgvqfw,Bxlmbzqk,subscriber
user1036,ygbrqjplum,user1036@example.com,Ixsqgn,Gxykjihh,subscriber
user1037,ipoofspfiv,user1037@example.com,Bnenjc,Gkjfsmht,editor
user1038,zszxaiiouz,user1038@example.com,Dlufku,Klggtrzm,editor
user1039,sdxyjufbph,user1039@example.com,Wtikfw,Trsqxwkj,editor
user1040,nczsyzumjg,user1040@example.com,Lbrvdq,Wgsnutmn,subscriber
user1041,wyuopaqcmb,user1041@example.com,Nxzgua,Yylbzbwk,author
user1042,jlxarfdtqz,user1042@example.com,Evadur,Otbswkct,editor
user1043,osiekcklqr,user1043@example.com,Rspbbm,Uoyqowws,editor
user1044,zabmghrckw,user1044@example.com,Koyexm,Hsqzuale,editor
user1045,kijvuwfcpz,user1045@example.com,Oryocm,Txfbwgte,author
user1046,dorrxzobxl,user1046@example.com,Pceues,Lbpulqxg,subscriber
user1047,kpocccajvh,user1047@example.com,Nmtkra,Duhrinie,editor
user1048,lcigqbolgf,user1048@example.com,Wlwqux,Nwvabetp,subscriber
user1049,suvepfdqdq,user1049@example.com,Iskrsd,Pfdstyrf,editor
user1050,esitbsnhcp,user1050@example.com,Mxrrxj,Mncrfgea,author
user1051,kvrzmwpowa,user1051@example.com,Wupfce,Icjvjapp,editor
user1052,zrbxqzvzjy,user1052@example.com,Nooewx,Uibuqqxk,subscriber
user1053,aazwyfzrah,user1053@example.com,Nprigk,Fnoflbvh,editor
user1054,llurluwoky,user1054@example.com,Nvllwv,Kvwharzk,author
user1055,kezkrgswok,user1055@example.com,Gfoqvv,Htblehiu,author
user1056,inoclynlfq,user1056@example.com,Aendfk,Nxwyydmd,author
user1057,spzmkelefl,user1057@example.com,Fzctif,Avuvespa,editor
user1058,opjrcepfxm,user1058@example.com,Gavnnp,Esdlydml,subscriber
user1059,ylumzjeofw,user1059@example.com,Ydhvbp,Hqqbmtto,author
user1060,lvjsarteue,user1060@example.com,Liramo,Zigsqtko,author
user1061,qdtclqttmz,user1061@example.com,Vmrnmo,Bfrswlhq,editor
user1062,pxdcdwsbak,user1062@example.com,Mfebmg,Znndtjwy,author
user1063,ppljsrwxeh,user1063@example.com,Gfdvny,Bkbapdnp,editor
user1064,rchjyixxby,user1064@example.com,Udgmvn,Lfcwbqog,editor
user1065,armruxfntf,user1065@example.com,Sofhla,Hovcgsuz,editor
user1066,qsfjkltavf,user1066@example.com,Nrblkv,Pknzptlz,subscriber
user1067,glwycnutpb,user1067@example.com,Mirwfo,Zvwswymz,author
user1068,irwvlzkypo,user1068@example.com,Bgxtle,Valomgsk,subscriber
user1069,mpynezgtvh,user1069@example.com,Tjjblv,Nsedncbg,subscriber
user1070,scwnwherab,user1070@example.com,Zfdkvy,Gyojvgxd,author
user1071,wypjotsang,user1071@example.com,Mttypr,Qzbmbxen,editor
user1072,cwaimcawzt,user1072@example.com,Tgwwlk,Bitamcbt,author
user1073,vmuucdjoiz,user1073@example.com,Zcmnpn,Dszpowep,author
user1074,icxjzrpmet,user1074@example.com,Lpjrmb,Lgrgkamr,subscriber
user1075,qzearsglxi,user1075@example.com,Toacxu,Pobtwjnw,editor
user1076,bmmkhhvqli,user1076@example.com,Oyodfd,Xgzyaksx,subscriber
user1077,tgvojpygbh,user1077@example.com,Clogdq,Mtvdccfn,editor
user1078,vematvuahz,user1078@example.com,Aygpno,Dwnumwfb,author
user1079,akomslamsv,user1079@example.com,Yiheye,Pcylwove,editor
user1080,ckhrcsxwlg,user1080@example.com,Iowkbr,Gsivronc,author
user1081,zprsorcbqa,user1081@example.com,Nqfgpn,Nthlmxgg,subscriber
user1082,dfmgaqodsw,user1082@example.com,Sobgdo,Hgssrxpv,author
user1083,jzqrevgxsd,user1083@example.com,Vdgovv,Skxxinmb,subscriber
user1084,uvclphjwnp,user1084@example.com,Lyhdod,Bhuagpbu,editor
user1085,embriyfidv,user1085@example.com,Schwvh,Kwxdagfq,subscriber
user1086,hevkunjzck,user1086@example.com,Bqlwix,Xhugzlfi,editor
user1087,uidcgrjvbz,user1087@example.com,Cfdskv,Qzmagjbr,editor
user1088,xheculaftx,user1088@example.com,Iavojq,Xqwevahn,author
user1089,xhilapihdu,user1089@example.com,Flgxsn,Rikaszsv,subscriber
user1090,tjzigitjge,user1090@example.com,Trizib,Qyiaiplz,editor
user1091,qkyeeywusw,user1091@example.com,Hyowcu,Dxkgnnyn,subscriber
user1092,hhqswowuhb,user1092@example.com,Zrccax,Fxjlhzls,editor
user1093,rurrbqppqh,user1093@example.com,Bjmfyr,Qshywdqz,editor
user1094,wcrnemmhjh,user1094@example.com,Dairgs,Qrnhzbdy,subscriber
user1095,beogupouhu,user1095@example.com,Cuxqys,Hgoskccb,author
user1096,tslklnxxiu,user1096@example.com,Nnnddz,Dhlaxajx,subscriber
user1097,qcnlcvjzqu,user1097@example.com,Dvjbzp,Olpjxuqg,author
user1098,kvlfskrwqv,user1098@example.com,Ymywff,Qhibxawf,subscriber
user1099,ijbmswnakr,user1099@example.com,Ectekk,Oqmmvvjp,author
user1100,fxijlhsxer,user1100@example.com,Jvnibe,Aedkqqig,editor
user1101,kqvmfcxowq,user1101@example.com,Zuxuol,Cyllszfb,author
user1102,mkwfvhixkv,user1102@example.com,Kdkbea,Zvgewaxb,author
user1103,rkkmkdmxri,user1103@example.com,Kbeccv,Fnnibvfp,editor
user1104,unwogmaypd,user1104@example.com,Aegdpa,Ngxofadb,editor
user1105,seikyldfvo,user1105@example.com,Qzpsvr,Drhbrwxq,editor
user1106,biofwkpica,user1106@example.com,Hqzsie,Vvlkdpty,author
user1107,wthrzhhomf,user1107@example.com,Motmjj,Zlxeowoi,subscriber
user1108,wcnkpdfxoz,user1108@example.com,Ymeigs,Egcrvmcb,editor
user1109,ozfeoujtfk,user1109@example.com,Azxzsn,Jcczeoos,editor
user1110,rlumdvntxg,user1110@example.com,Yigcub,Aqnxzyzx,editor
user1111,eurutpfyfg,user1111@example.com,Aprkko,Mvsyhjsv,author
user1112,zgwjtbcjvr,user1112@example.com,Cxlrof,Vsgnhifd,editor
user1113,wsygfahqoz,user1113@example.com,Ckhyhw,Wgoqcaoc,editor
user1114,lmvfuvvxse,user1114@example.com,Gaware,Bgdvfkem,subscriber
user1115,jmdwclqciu,user1115@example.com,Ehudvf,Oqkszrwm,author
user1116,ucnotfstrr,user1116@example.com,Pirfqj,Yskxtyse,subscriber
user1117,kmipwwhoco,user1117@example.com,Mjugqm,Ktvjftzy,author
user1118,grxnhsmvgl,user1118@example.com,Yuhxgq,Kumbhipe,editor
user1119,ulnplohjig,user1119@example.com,Rxifbj,Eyvcrwdl,editor
user1120,mjrxsgsmri,user1120@example.com,Qtyudm,Pjmgxzhj,author
user1121,vfqdbldmcs,user1121@example.com,Pzrtaj,Gdijwpwh,editor
user1122,wnbpzodkhp,user1122@example.com,Ocevhf,Oljavyzw,subscriber
user1123,inpapjnork,user1123@example.com,Tsbgwj,Lgxqasxu,subscriber
user1124,baowgdsfet,user1124@example.com,Necjwr,Dyxdkeqw,author
user1125,lpblpnbuxw,user1125@example.com,Cjkclc,Xiszygbw,editor
user1126,hncelyjkch,user1126@example.com,Zecdtf,Zxyracgu,editor
user1127,eydpdeqtrh,user1127@example.com,Somorp,Bltgpwij,subscriber
user1128,xsufmwmgzj,user1128@example.com,Puxnew,Vncgikyk,editor
user1129,zxdnsycdsr,user1129@example.com,Dfllyx,Srenzvpg,author
user1130,iywuwfsuog,user1130@example.com,Imimlm,Lkgkscyx,editor
user1131,lhdzbskpry,user1131@example.com,Lgnfhs,Egaeqvtf,editor
user1132,ktfiqvtcvb,user1132@example.com,Shgtik,Akwwtzbk,subscriber
user1133,qljrtkwqva,user1133@example.com,Fykgxc,Glvnytwg,author
user1134,ifenmvnhdw,user1134@example.com,Epxsvj,Gngzoiss,author
user1135,xngkzmdioo,user1135@example.com,Ukbfyv,Basxjyqm,editor
user1136,obucytrurq,user1136@example.com,Jrygkg,Mevlvamj,editor
user1137,asxchtwolr,user1137@example.com,Oeefau,Skilfrnj,subscriber
user1138,wpqwysmiac,user1138@example.com,Qvrinh,Mfmvzzjb,author
user1139,nclzacobcu,user1139@example.com,Lhxxox,Hwzvzhan,editor
user1140,rqqatpktmw,user1140@example.com,Lpupbt,Fdplhenk,subscriber
user1141,zucfgoatpy,user1141@example.com,Xkyqna,Dlfdepwt,editor
user1142,dbpayoanuw,user1142@example.com,Jnwabt,Xukwhwgs,subscriber
user1143,eesgzkbzpe,user1143@example.com,Yurbjj,Eyayyscs,author
user1144,mhxijmwttu,user1144@example.com,Rwhhrl,Renbycoj,author
user1145,mviwwzjtfl,user1145@example.com,Tssuhx,Dctwqgtc,editor
user1146,kirxoxfwkx,user1146@example.com,Kleugy,Rvhcvqtf,author
user1147,urvfztsfia,user1147@example.com,Bcokfq,Gqnkgjey,author
user1148,djaokelhdx,user1148@example.com,Mriakj,Exiiuojk,subscriber
user1149,yuhormeyjw,user1149@example.com,Cphepm,Qozpishm,author
user1150,nxepdponfe,user1150@example.com,Bcjvrs,Ztaquhud,editor
user1151,lizkaiprxe,user1151@example.com,Ndztax,Slggxxez,subscriber
user1152,fthmsjczqj,user1152@example.com,Rtxyex,Mbharwfn,author
user1153,lnfbelmwgd,user1153@example.com,Sgxukv,Fcyertcm,subscriber
user1154,acvjfrinaw,user1154@example.com,Yxnupo,Tbhzzliy,author
user1155,mrbtddagln,user1155@example.com,Bepscr,Yokliiii,subscriber
user1156,fshguxwbyk,user1156@example.com,Uysbzg,Ubgnopil,author
user1157,bsyqypddtn,user1157@example.com,Nvkqsk,Nkwccahy,author
user1158,ahedxkngwu,user1158@example.com,Ukylzx,Jwuiyuhx,subscriber
user1159,byjmdndpuj,user1159@example.com,Lauxlm,Rflbwhky,editor
user1160,wdeljgvhuv,user1160@example.com,Ujxjxq,Qqmxvcdm,subscriber
user1161,rvzixgshxn,user1161@example.com,Iqqrzw,Pojpweip,author
user1162,hdobupvtwi,user1162@example.com,Tlxrub,Zkivzugw,author
user1163,htqhnsbhnr,user1163@example.com,Pmgskm,Zbicbnqi,editor
user1164,ckvhrmdaky,user1164@example.com,Peekhy,Ooyufjyq,subscriber
user1165,ikkzttoaal,user1165@example.com,Qyxfot,Pqohiewo,author
user1166,lyatisljcn,user1166@example.com,Ibzkox,Gkmjfajb,author
user1167,femdbiiami,user1167@example.com,Sjmvwa,Hizsoglm,author
user1168,zsqxiknlhb,user1168@example.com,Siselq,Jfrvmvhd,author
user1169,frwfosuwmi,user1169@example.com,Anhghs,Yahqjwfe,editor
user1170,jvtbqlxrfi,user1170@example.com,Wnzlcg,Dccayvkk,author
user1171,mmekumglud,user1171@example.com,Iyjehn,Yjrzuzkv,author
user1172,whaszxhhpn,user1172@example.com,Hwfumm,Lwhrzagy,author
user1173,rwaisqeavh,user1173@example.com,Mxprew,Grhemkle,author
user1174,pudolbnzbj,user1174@example.com,Fvylqb,Mmjbikjs,editor
user1175,qclgenomww,user1175@example.com,Suqojo,Daevoeqx,subscriber
user1176,hjmocujyuj,user1176@example.com,Cewnfv,Lvsoqrqz,author
user1177,nghrhfyqov,user1177@example.com,Zehpwe,Ecmasqvw,editor
user1178,pxhrxmnfsc,user1178@example.com,Wcvpyp,Pnqrytxm,editor
user1179,cyjyqqgjbo,user1179@example.com,Qufyjc,Votqatwm,author
user1180,qrrphmxpck,user1180@example.com,Xadvde,Rhjwulbt,subscriber
user1181,upzflxzpje,user1181@example.com,Wicopu,Ewflmejb,author
user1182,ewncaedpvj,user1182@example.com,Jrjlcf,Tpobbdwk,editor
user1183,blirudpcqo,user1183@example.com,Mrjzcl,Vprcwoon,author
user1184,lqvuibczzv,user1184@example.com,Xxczzi,Teckfakc,subscriber
user1185,tqekivipsv,user1185@example.com,Argybj,Vnrfdiwa,author
user1186,zqgxkhljyi,user1186@example.com,Rioori,Uvapbcbl,author
user1187,urekccbjqt,user1187@example.com,Bxpiof,Zifydwzj,subscriber
user1188,qevpdkoctb,user1188@example.com,Onwmwy,Cmatnivz,editor
user1189,iogigrnmoo,user1189@example.com,Udvscd,Ftstkdzt,editor
user1190,oytnycscpk,user1190@example.com,Cllngb,Xijyaxup,author
user1191,fwhgkszznb,user1191@example.com,Ikazfl,Zwkwflew,subscriber
user1192,dqsxofails,user1192@example.com,Kxmbuc,Frvfwonu,editor
user1193,xdsmksamwk,user1193@example.com,Hhwsou,Esccwocr,editor
user1194,zlfpqvjkse,user1194@example.com,Wafidv,Qdjhcxpv,subscriber
user1195,axrlquhodh,user1195@example.com,Nmzgxn,Xcqjfdnb,author
user1196,inuxcalchd,user1196@example.com,Mlogpz,Chgyjkyv,editor
user1197,pjmqipzknv,user1197@example.com,Gksvux,Wvgosygp,author
user1198,nwwebsluli,user1198@example.com,Wvwqqn,Jkxabptq,editor
user1199,nwvutlplka,user1199@example.com,Ygonlv,Oufvndja,editor
user1200,unhrzqfkex,user1200@example.com,Scibza,Lovpjjdf,editor
user1201,hrfqxgbmgj,user1201@example.com,Wkpblt,Ynearyex,subscriber
user1202,uxvtfxcrrz,user1202@example.com,Xbluzi,Vyzkkwaf,author
user1203,nipejkkytb,user1203@example.com,Orhikk,Cpdveiro,subscriber
user1204,gfyeudxyid,user1204@example.com,Spdtxq,Bjavbrmj,author
user1205,srlgoiygor,user1205@example.com,Fvbzbc,Coqnixqm,editor
user1206,jecsejspdg,user1206@example.com,Qxzpod,Yxodqbfq,author
user1207,ljodpgszqw,user1207@example.com,Nfgcmo,Fxdmsufw,subscriber
user1208,galvaligdg,user1208@example.com,Qvcqua,Grvzqpna,editor
user1209,zvefqzwgxw,user1209@example.com,Myisbx,Gwrjggkp,subscriber
user1210,wcmomlyded,user1210@example.com,Dzmohx,Unsoibqa,author
user1211,hwzytpwtrv,user1211@example.com,Udzzgr,Physmska,subscriber
user1212,iiujwxxzyb,user1212@example.com,Fbdvea,Ihlvxgax,subscriber
user1213,cxfgbyaeud,user1213@example.com,Bdfgtb,Abcbqdru,subscriber
user1214,hgykpqneip,user1214@example.com,Rtduuj,Vrijtlha,subscriber
user1215,zvqwsgdcjo,user1215@example.com,Irhiyt,Hfdeehrs,subscriber
user1216,bzwlfqsckq,user1216@example.com,Kwocxr,Pkyaqchi,subscriber
user1217,umwjlwprvh,user1217@example.com,Jfzjac,Rqoncydw,subscriber
user1218,sxujqoorsd,user1218@example.com,Avfqgq,Vjmmeznl,author
user1219,qwlcduunbv,user1219@example.com,Xhnpjn,Dniuzgzu,subscriber
user1220,tlyybhtpdm,user1220@example.com,Hoojes,Nefwekwn,subscriber
user1221,ewvjssjiiv,user1221@example.com,Saewjx,Mthovydo,editor
user1222,kzzobtbhsq,user1222@example.com,Wxgsdq,Wdjmxbbj,editor
user1223,hqekprwxbh,user1223@example.com,Qqpboe,Aclvhctc,editor
user1224,ctrauaizdp,user1224@example.com,Xetuma,Hwwuwxco,author
user1225,vclhbcphgh,user1225@example.com,Ttcakl,Xtwwandj,author
user1226,vklqizdped,user1226@example.com,Mtactx,Lnboelgz,editor
user1227,ldqqwbloej,user1227@example.com,Vviomu,Bbhhpgmz,subscriber
user1228,ptqhftprhz,user1228@example.com,Wrzukd,Ymgbbhkh,subscriber
user1229,rkmpmiwaes,user1229@example.com,Yuxmug,Slmtfgkm,subscriber
user1230,oqpedmsdau,user1230@example.com,Pvkkus,Ehaxaqpk,author
user1231,pjooiujfgp,user1231@example.com,Eueccf,Bybjdyag,subscriber
user1232,hfxgevzxdz,user1232@example.com,Gvpgwm,Ycowigsw,editor
user1233,snvyymqwct,user1233@example.com,Euxyhw,Kdjzbnnn,subscriber
user1234,sfpzkgwfxn,user1234@example.com,Gxjbha,Wdzwsjjm,editor
user1235,bzxxuwrhsv,user1235@example.com,Vwlvrb,Brfkyaqs,subscriber
user1236,hhnnzjmogq,user1236@example.com,Pkrcsl,Njwflbiy,subscriber
user1237,uduwxyahys,user1237@example.com,Daclws,Lyciyfyc,author
user1238,tvakgkebox,user1238@example.com,Zhqpfu,Vuffuvlq,subscriber
user1239,aocoelrrvi,user1239@example.com,Xkvxnr,Uzrfcyox,editor
user1240,roczqmfdmo,user1240@example.com,Xarbfc,Ochgbbug,editor
user1241,wcxevmbmcr,user1241@example.com,Yqfvea,Jrywacwy,editor
user1242,ictejtotzb,user1242@example.com,Ixxdap,Depnuuhy,author
user1243,zikflgxheh,user1243@example.com,Drbaba,Qejpaczy,author
user1244,wihrhbnbft,user1244@example.com,Txjdvv,Scvitwoj,subscriber
user1245,pyuwptkzmf,user1245@example.com,Rhyriu,Jzninjbe,editor
user1246,dzcxzslskt,user1246@example.com,Xtsdmt,Lgqayuwn,author
user1247,mrvnnhymfz,user1247@example.com,Dbmank,Btkugapw,author
user1248,bmiwrrtejv,user1248@example.com,Wdfwqq,Cubrlbse,editor
user1249,gwwliaxqmt,user1249@example.com,Ktwqcx,Lrqfvcjj,author
user1250,dwrbfupred,user1250@example.com,Nyursy,Swexudmb,author
user1251,lvdanpiqut,user1251@example.com,Qnmryf,Pkdmvfqx,editor
user1252,gwwggziwqs,user1252@example.com,Fqzvzv,Nspuimrj,editor
user1253,rsoqrgpiyr,user1253@example.com,Bclxfp,Caelglbt,subscriber
user1254,cmpfbhctxw,user1254@example.com,Pxrghr,Vhoppvru,author
user1255,uingixgugc,user1255@example.com,Qsnfcg,Wtwrgmap,author
user1256,glpencjomz,user1256@example.com,Qnffvv,Bpfdzobi,author
user1257,hdslcvjwuc,user1257@example.com,Wcpupl,Eodqkasv,author
user1258,rnrmkqsxyz,user1258@example.com,Eykhrv,Iiovpptt,subscriber
user1259,mkdbmiqogz,user1259@example.com,Floywo,Wmtmsxkl,editor
user1260,gltgzyyjev,user1260@example.com,Ufqexz,Wpvnnrto,subscriber
user1261,mwywkirqhj,user1261@example.com,Tikiws,Lxeggulb,editor
user1262,vgbubeobqw,user1262@example.com,Xpanqc,Wotlkjuu,editor
user1263,leaqjdlqiq,user1263@example.com,Eeuodo,Kfmcvjaf,editor
user1264,gifqrxpcif,user1264@example.com,Jwqrgv,Phyjktrd,subscriber
user1265,oeuxrpwnvk,user1265@example.com,Jiyasw,Rpgyxrml,author
user1266,zimhgjtetr,user1266@example.com,Ssread,Aepcvrfz,editor
user1267,twjcecbssp,user1267@example.com,Hedbcp,Okqckaqk,subscriber
user1268,behszkyryc,user1268@example.com,Ojxxyp,Moppsfro,subscriber
user1269,smaauatazh,user1269@example.com,Tfetqx,Yorpqewj,editor
user1270,tpvgstdkrs,user1270@example.com,Ulnitr,Wmeghgzu,subscriber
user1271,vehjgiseyb,user1271@example.com,Jwfvdb,Fuwxmpue,editor
user1272,rwiyvilvem,user1272@example.com,Bnybll,Zrxhvfiz,editor
user1273,xwrpstutxq,user1273@example.com,Irgraw,Wmpqnrdq,author
user1274,vafmmtpdjm,user1274@example.com,Pttafs,Tgopfftk,editor
user1275,jonjlygycp,user1275@example.com,Jftkon,Mrthdqwd,author
user1276,nzzpkssojv,user1276@example.com,Ghhjuk,Aixskxmg,editor
user1277,mdcpskqulh,user1277@example.com,Vbfzaj,Lhbqkuwe,subscriber
user1278,tvayspihfs,user1278@example.com,Gcxgcb,Sguktlbm,author
user1279,rxzolgayse,user1279@example.com,Hfkpna,Nypuaycy,author
user1280,qfhdnishiv,user1280@example.com,Layvzp,Zadjofrl,editor
user1281,haffaikuqq,user1281@example.com,Iqjjqd,Jtprojkb,subscriber
user1282,gnbrxqkrzb,user1282@example.com,Gtnqyx,Mihohmsi,subscriber
user1283,apufastglk,user1283@example.com,Eqytsi,Rkrubnzj,subscriber
user1284,gyxhzjvpim,user1284@example.com,Kxjqpa,Mrzpvjyg,author
user1285,gedphaoimw,user1285@example.com,Qvpqdh,Jadcmynq,editor
user1286,bnqigomayv,user1286@example.com,Xtqwvm,Cjjpbcqg,editor
user1287,nxxterdmys,user1287@example.com,Iyvfgo,Bbwptxav,author
user1288,syhnbsyhgm,user1288@example.com,Uxwxky,Ykjqahod,subscriber
user1289,miposafipu,user1289@example.com,Hpwqgv,Dsypdwbq,editor
user1290,xzjvmnprux,user1290@example.com,Csrzgb,Zryttyev,editor
user1291,qerqvjiinq,user1291@example.com,Zhjnog,Xvlcqdek,editor
user1292,jjiewjxsmm,user1292@example.com,Abtqdr,Xsjletnp,subscriber
user1293,nehcwgqscz,user1293@example.com,Emzbqh,Vuiljvjp,author
user1294,jiwvtlosut,user1294@example.com,Zisblz,Jmeuhhhb,author
user1295,iruvlqhhcd,user1295@example.com,Dfhxin,Iplynexi,editor
user1296,khqjqlxozw,user1296@example.com,Xxggqu,Nqiqaavh,subscriber
user1297,gurbkmaoya,user1297@example.com,Llivrd,Riuxzcka,subscriber
user1298,giffdeyavb,user1298@example.com,Hmchtm,Mkuilmfb,editor
user1299,pvfkqcwgln,user1299@example.com,Usonzp,Eeibmred,author
user1300,cycfywbpwv,user1300@example.com,Qxbtwu,Cdyltprc,author
user1301,uweajyzjaw,user1301@example.com,Gawgot,Mycncexk,author
user1302,jlpozckcnj,user1302@example.com,Onhkol,Dmtrevqy,editor
user1303,nlawomxlwx,user1303@example.com,Uoedyx,Zbgwyegp,author
user1304,kijtvpljlj,user1304@example.com,Mxifzl,Jclrlapn,author
user1305,vophdfromu,user1305@example.com,Eimzcl,Fqvfrzty,subscriber
user1306,xgxdzkmoec,user1306@example.com,Pzdibu,Cauptqdu,editor
user1307,nrcyuyatkc,user1307@example.com,Imttwv,Rzarchtt,subscriber
user1308,twqvdckhsz,user1308@example.com,Pjmnne,Vjjgpfqf,subscriber
user1309,hhzwbhesox,user1309@example.com,Buxpbf,Uwuhigtq,subscriber
user1310,zyfwybrudt,user1310@example.com,Qxfeds,Vkpptqsn,subscriber
user1311,iotqpuvfzm,user1311@example.com,Yseceu,Oeyjjgzy,subscriber
user1312,gbcnmrpcoh,user1312@example.com,Ekvyay,Klznwsqz,subscriber
user1313,brkaxbnapt,user1313@example.com,Ejjzeu,Wwwfzwyj,author
user1314,zviqwwcdyw,user1314@example.com,Pbocni,Brqeocyc,editor
user1315,xobiwnquqp,user1315@example.com,Gdlvsq,Encvhtwb,author
user1316,elrcswfoyu,user1316@example.com,Fccyoj,Hopqzcie,subscriber
user1317,qllfftxgwc,user1317@example.com,Njymhz,Zulnbxbd,author
user1318,xpupqfdcru,user1318@example.com,Blosui,Xewbyeve,editor
user1319,ftxomfnmly,user1319@example.com,Xqteyd,Hkbjogmb,editor
user1320,ftcxjtsizk,user1320@example.com,Lgilkr,Wwjswgyz,subscriber
user1321,higmzsexir,user1321@example.com,Pjnzlr,Pmrzdmee,author
user1322,kvhrabxjeb,user1322@example.com,Edprky,Jaxqzkwd,subscriber
user1323,diyrumtpeu,user1323@example.com,Ohvwdv,Zjniufth,editor
user1324,hkfuoahzgr,user1324@example.com,Pgebxo,Ccuzbwlq,subscriber
user1325,zknafkyhap,user1325@example.com,Owykfr,Soinqgvg,author
user1326,tbbqxvsqcg,user1326@example.com,Sireqc,Iytylaeh,subscriber
user1327,porzcesybz,user1327@example.com,Wjnczt,Hogiosrw,editor
user1328,xmkgzrgdfv,user1328@example.com,Zpwlaa,Sunagvxy,editor
user1329,ziioiaclqw,user1329@example.com,Javdhg,Giylmale,author
user1330,flnujdwrow,user1330@example.com,Bgrzyw,Ggklmqsx,subscriber
user1331,ecufdybful,user1331@example.com,Ixkmir,Kzqzgkmt,author
user1332,nxaargbtsq,user1332@example.com,Srtysw,Mzmjlkrr,author
user1333,fkyghmhvrf,user1333@example.com,Dpvjiu,Ckbmpjvk,subscriber
user1334,dgroguvqca,user1334@example.com,Ulsbzu,Zqyvrwem,subscriber
user1335,tztjpzvhyf,user1335@example.com,Axbinl,Txksnfpf,editor
user1336,erodbbamhz,user1336@example.com,Cepvkd,Loqmyjow,subscriber
user1337,emxjrxruha,user1337@example.com,Tfrbye,Eqsiwpmo,subscriber
user1338,dkccxbnbwb,user1338@example.com,Dzyimr,Kmwplene,subscriber
user1339,bssmvsdtub,user1339@example.com,Qmohyd,Zngpcvnw,editor
user1340,pnldagsjbt,user1340@example.com,Nwxboo,Bcotbchr,subscriber
user1341,bojilgeimz,user1341@example.com,Ktszkp,Okarosub,editor
user1342,evpnhsmwgc,user1342@example.com,Ebkylj,Cnymmspg,author
user1343,cxevrmumtx,user1343@example.com,Ofvgit,Xfhzwkvb,editor
user1344,cgpvhdcnsb,user1344@example.com,Whviga,Mvopimlz,subscriber
user1345,xkjjugnbch,user1345@example.com,Edxbcv,Cqjyrpup,editor
user1346,xyeueifbzk,user1346@example.com,Axqwwa,Kjcwrazy,subscriber
user1347,lleiasngpo,user1347@example.com,Rcpowd,Mvtijpuh,editor
user1348,tfqvneolhp,user1348@example.com,Tnycoh,Mccuctsz,editor
user1349,cvwbvbmpyg,user1349@example.com,Bhxoqx,Fbkigdlk,subscriber
user1350,iyplguftlk,user1350@example.com,Izkyxl,Buggntvx,editor
user1351,oohkaesnxe,user1351@example.com,Wpgngi,Owvrffvd,editor
user1352,bxmtuinfsw,user1352@example.com,Dbjlwo,Cjttmcjq,author
user1353,wbfnfiakwq,user1353@example.com,Qwfxci,Amuadnbv,subscriber
user1354,iqpcioprfv,user1354@example.com,Hlfute,Lzyrukqi,author
user1355,xkcmolkzwk,user1355@example.com,Thowkb,Jxmbpsea,author
user1356,woymynlsry,user1356@example.com,Sruqzp,Ngbdvohm,editor
user1357,uknhjclymo,user1357@example.com,Djzvqg,Wqaakslv,subscriber
user1358,podzqfgpwh,user1358@example.com,Oycdpe,Qccrinxh,editor
user1359,akalfjtnnd,user1359@example.com,Thicfw,Ndxpthnm,subscriber
user1360,lshstfgaxe,user1360@example.com,Eawqqt,Xxtvupns,editor
user1361,bxrdnkdayu,user1361@example.com,Ueckaw,Wxknzbga,author
user1362,etysmhifqf,user1362@example.com,Gcgend,Xoubukip,editor
user1363,bohsnqbfsb,user1363@example.com,Rayfbd,Kqtyyzhe,author
user1364,kmrgmtvwcf,user1364@example.com,Fdclve,Xkpesaui,author
user1365,vhjkddgrtu,user1365@example.com,Kqnpjd,Gfdcckfg,subscriber
user1366,jwqwcywsut,user1366@example.com,Doajgb,Uldbahvr,subscriber
user1367,jzxegitryy,user1367@example.com,Mydssz,Jiuouzbn,editor
user1368,dtocvdbezq,user1368@example.com,Jqdrky,Xtharwlr,author
user1369,dvjfjdvedj,user1369@example.com,Ixkhei,Fsjynswr,editor
user1370,mjoutrrurd,user1370@example.com,Awpgtm,Jsyalsni,editor
user1371,plshtigwnf,user1371@example.com,Pkherl,Fjhevuii,author
user1372,ulyettjhgf,user1372@example.com,Hemcsd,Gfldcxak,editor
user1373,moqcitqymp,user1373@example.com,Xgotiy,Mdlkpfsu,author
user1374,yrglxrcxvc,user1374@example.com,Japhmp,Hfhvvhgj,author
user1375,xbpqhfqpxf,user1375@example.com,Sbdlwc,Moywwyma,author
user1376,fsbyafdnuz,user1376@example.com,Cwakpi,Jmurplgu,subscriber
user1377,bjbbhprelg,user1377@example.com,Bpqqny,Edtjdhks,subscriber
user1378,pttwjprhoy,user1378@example.com,Atkaps,Ebngskhb,editor
user1379,yeyjgovnil,user1379@example.com,Btqvnd,Hgpgjhxz,author
user1380,ilpwasheqn,user1380@example.com,Rpbrtk,Yuyivwac,editor
user1381,ufovrwnabr,user1381@example.com,Lnraum,Xjszhmpy,subscriber
user1382,vhrzfbhppj,user1382@example.com,Qmjtix,Ygcdpcxr,author
user1383,rboamjxsug,user1383@example.com,Bohuqu,Dieexohu,editor
user1384,mhqvponeib,user1384@example.com,Gdpowa,Shaxvvdx,author
user1385,ifkzphpqkk,user1385@example.com,Bnjuyd,Octcqvoz,author
user1386,jheaebvicn,user1386@example.com,Qmwurw,Rjlcsnom,editor
user1387,gdwavityad,user1387@example.com,Iluljh,Uqqrgmie,subscriber
user1388,aorsyxpfbk,user1388@example.com,Dkfybr,Mgmxqjcb,subscriber
user1389,mejwifclsf,user1389@example.com,Vexgvr,Eiprlwht,subscriber
user1390,yxnozewvcw,user1390@example.com,Otpbrk,Uftcbyag,subscriber
user1391,qlzzbulrgh,user1391@example.com,Ftwtej,Znejrwrh,author
user1392,flxbjglisc,user1392@example.com,Cbucvz,Jfkincxr,editor
user1393,liowxvxduw,user1393@example.com,Yzchor,Mvxapsdl,subscriber
user1394,tnmrrxakvx,user1394@example.com,Smulex,Himnifwg,editor
user1395,eabalwaftt,user1395@example.com,Niafde,Djfqpvlm,editor
user1396,ccomxwqchm,user1396@example.com,Ptsydo,Irktjvcd,subscriber
user1397,qngysbyuql,user1397@example.com,Fpgttq,Ugyspsux,editor
user1398,qxykciqpvg,user1398@example.com,Rpcqao,Etyxpnqe,author
user1399,mbfrbsland,user1399@example.com,Bwmihe,Kpxdbzcr,subscriber
user1400,rzqwchqkvx,user1400@example.com,Ddyxkp,Bszwwdwt,editor
user1401,lacplpdzcu,user1401@example.com,Ukyeuy,Zculvlsc,author
user1402,xqiyfjhawe,user1402@example.com,Dyvmwy,Idjuizoe,author
user1403,gridxveaws,user1403@example.com,Obixda,Anfiqbpv,editor
user1404,lqceylsazb,user1404@example.com,Btdthl,Vngjdiqd,subscriber
user1405,iishrgdpfv,user1405@example.com,Saoqdc,Pnrnbvjj,subscriber
user1406,zaxtidqxph,user1406@example.com,Vediap,Vzkaxezm,subscriber
user1407,rlbycegawl,user1407@example.com,Dzjkjv,Whuwmpxn,subscriber
user1408,sxskwtnkoj,user1408@example.com,Phvmth,Vreehflo,author
user1409,iigbxjswoz,user1409@example.com,Zxslql,Mmgcidnc,author
user1410,hsofbpnnsp,user1410@example.com,Cxcoti,Xniyyrsb,editor
user1411,vtjhaqicks,user1411@example.com,Eodimn,Mlkjvtsl,subscriber
user1412,hnifsvfscr,user1412@example.com,Xyrium,Okktldfj,subscriber
user1413,eavfjluziy,user1413@example.com,Gorisr,Twwhequs,editor
user1414,yixxlyaadm,user1414@example.com,Qbdwgf,Ghlycclx,subscriber
user1415,srdtfetjcv,user1415@example.com,Fainai,Xluupxfd,subscriber
user1416,kiavebgese,user1416@example.com,Rvyfwl,Idxzpgmd,editor
user1417,lznzyphigd,user1417@example.com,Kgidnq,Wwrvxzfj,subscriber
user1418,orobaourdz,user1418@example.com,Rxvugy,Kybuzofh,editor
user1419,jceezfkjxy,user1419@example.com,Qjqswz,Leyqzoxq,author
user1420,bbhyangrxg,user1420@example.com,Kcxngt,Ksygqbpi,author
user1421,iqaluaikzw,user1421@example.com,Hgofwk,Fsfchasr,editor
user1422,nzqltknqqm,user1422@example.com,Dfealb,Iqtoacfv,subscriber
user1423,ctbldwizsy,user1423@example.com,Qnqcqt,Lndnosfi,editor
user1424,xsngzmndxg,user1424@example.com,Dtatih,Qdwngnye,editor
user1425,kvvqtyzdql,user1425@example.com,Tpoico,Pjggegjd,subscriber
user1426,dnftytkzbb,user1426@example.com,Ptqzbs,Srkntknn,author
user1427,lndjupftog,user1427@example.com,Uourfk,Occgbqfc,editor
user1428,jzsmkfhqpw,user1428@example.com,Ydfmse,Wokambdp,author
user1429,jglycxonvi,user1429@example.com,Gzcour,Hrandqrw,author
user1430,uudducquuv,user1430@example.com,Pxythk,Vrjnkevo,author
user1431,fgdmdorjwg,user1431@example.com,Myovpy,Ytfmixwn,editor
user1432,kccwmiwcwu,user1432@example.com,Wqlhvo,Tmtznutu,editor
user1433,vimhbpicol,user1433@example.com,Ghqskr,Brazkxhy,subscriber
user1434,mowmglswec,user1434@example.com,Vqzlim,Pxzjonni,subscriber
user1435,sfeuaxidxc,user1435@example.com,Kgbeqo,Eodlwerg,editor
user1436,haxacjusuy,user1436@example.com,Whlapd,Xituaead,editor
user1437,lsxnujpynq,user1437@example.com,Vgwudg,Henkkafr,subscriber
user1438,bzuxxydvfg,user1438@example.com,Torkgm,Blvwslcm,author
user1439,nulgqjccic,user1439@example.com,Bbwarm,Ogqsytrv,author
user1440,mguokgeabu,user1440@example.com,Iuimjp,Aonyeyye,author
user1441,mhqguqjnjo,user1441@example.com,Sgsshf,Bzyzzcot,subscriber
user1442,cnkvdjhfwf,user1442@example.com,Vzwarn,Qserftcb,subscriber
user1443,udkchbympi,user1443@example.com,Qzeocw,Kjdcyxsn,editor
user1444,isettndlfh,user1444@example.com,Ojrlmr,Eysjxayp,editor
user1445,nkdzjpowcx,user1445@example.com,Dosbfr,Gxhfasus,subscriber
user1446,quyeumsfkm,user1446@example.com,Haarih,Iuqtsvzu,subscriber
user1447,mtzwzlnmwl,user1447@example.com,Jxdhan,Pdmqyqrt,author
user1448,hpnrphozzi,user1448@example.com,Vqdcse,Cuvferwv,editor
user1449,kqxdrtbllj,user1449@example.com,Nejbry,Uruhuxaf,author
user1450,lldzcbpezo,user1450@example.com,Plaimn,Jvqvhrtr,editor
user1451,kbkfmnsaac,user1451@example.com,Qtqhwi,Patrwtmw,subscriber
user1452,dxisrwrdbc,user1452@example.com,Zalags,Uyrfnwie,author
user1453,amlaxpymyq,user1453@example.com,Xiviok,Jmnktoqb,editor
user1454,xeomfsbmko,user1454@example.com,Dcsfyk,Bznigtop,author
user1455,qdvkkllonw,user1455@example.com,Gzkjga,Ejvfhzpd,author
user1456,egfoxbeyph,user1456@example.com,Ctxsqe,Apooydjk,editor
user1457,xzvbeymhik,user1457@example.com,Vubouw,Jjfkikwn,editor
user1458,qgefoabovq,user1458@example.com,Rtryub,Wkhgdibx,subscriber
user1459,gkdpnvmwbq,user1459@example.com,Ulbeua,Hrhgxcpq,editor
user1460,ycxehsncyr,user1460@example.com,Feuenh,Kwtvxwmp,editor
user1461,ptteahjgas,user1461@example.com,Yoyilt,Qbhpvvor,subscriber
user1462,tmiqrhyflq,user1462@example.com,Amqiqs,Socowybz,editor
user1463,dyyakscbay,user1463@example.com,Bimqou,Lvvkbkyj,editor
user1464,blrueanwev,user1464@example.com,Lvwxpm,Chldvpzg,subscriber
user1465,rlmjsyjbcq,user1465@example.com,Oytcnn,Hvdcsvwu,editor
user1466,xznzsdjnhr,user1466@example.com,Tfvowh,Ctcgpesu,author
user1467,dznvhfwqon,user1467@example.com,Upqkau,Nfevzoyl,author
user1468,ohwnchghkz,user1468@example.com,Mzeqrd,Mdtckexn,editor
user1469,ehabjwzwax,user1469@example.com,Tlsthy,Cjcdtnph,subscriber
user1470,kudgcjbbiw,user1470@example.com,Yncbnz,Jarasfza,editor
user1471,lqyadgemba,user1471@example.com,Llgwgr,Bbgizntd,editor
user1472,uadnefcnsp,user1472@example.com,Pkiryi,Dpuzopkd,subscriber
user1473,woctcqtcfz,user1473@example.com,Hqlzjc,Akwksozn,author
user1474,eidcbbqvwf,user1474@example.com,Ohlyrt,Nakbmrcx,subscriber
user1475,kbnvvwhfjr,user1475@example.com,Dvzvsz,Jkjfzjeo,editor
user1476,evbdukzvjp,user1476@example.com,Npoixe,Fdrfkodb,author
user1477,zgbagjchlg,user1477@example.com,Xrfmjq,Ysnuiwqt,subscriber
user1478,sltwqsjzoq,user1478@example.com,Mhtwax,Mxuagdwo,editor
user1479,gvxrgnfstv,user1479@example.com,Ixywma,Kxjhnoyv,author
user1480,bvuesgtayd,user1480@example.com,Rmidia,Stuwomqd,author
user1481,lerckekxdy,user1481@example.com,Sowfvi,Ssovkmek,author
user1482,pjxgragenc,user1482@example.com,Zanjhp,Pnwpuuyp,editor
user1483,tjssigkzjl,user1483@example.com,Sqpvqf,Srupenle,author
user1484,lchgzbuobo,user1484@example.com,Gqmxqo,Qhighkyf,subscriber
user1485,ihxtorlcey,user1485@example.com,Gafgkv,Nxcuvvam,editor
user1486,hovpmjmphn,user1486@example.com,Iyunyb,Uzmlwsbg,editor
user1487,grdexqcbao,user1487@example.com,Uxartk,Zfoplral,subscriber
user1488,uiqtpyedbp,user1488@example.com,Evovne,Ezdoqdwg,editor
user1489,xrlwmjdkwl,user1489@example.com,Kzznia,Mctbjakc,author
user1490,coyavzfuuu,user1490@example.com,Zukvez,Ohhasghe,editor
user1491,pgntjoqkle,user1491@example.com,Tcjofa,Jhhlhvlc,subscriber
user1492,xdoovjkudz,user1492@example.com,Ocyywv,Byjmpmht,subscriber
user1493,aiskjxdjyf,user1493@example.com,Oyouyz,Hsmslvea,editor
user1494,ohmnfthjoa,user1494@example.com,Zxshks,Qbpnmpaz,subscriber
user1495,zhrygqjboq,user1495@example.com,Bxgzru,Jracnldp,subscriber
user1496,estgnibtnp,user1496@example.com,Qhnryj,Utiblqou,author
user1497,bamludnzgy,user1497@example.com,Sopogf,Ldtqxswc,editor
user1498,kemsccluzw,user1498@example.com,Tewgse,Jcdmwhwl,editor
user1499,ivgkxyiszh,user1499@example.com,Xpxnhz,Nnyyqkgg,subscriber
user1500,arzwznmsgl,user1500@example.com,Kvlxlw,Swqnvfpd,author
user1501,twajklfgse,user1501@example.com,Bbunkd,Pfbedydr,subscriber
user1502,fgfvyvrzhp,user1502@example.com,Ybcrul,Azzyqxap,editor
user1503,uefijbcima,user1503@example.com,Xadakn,Qqvhjdek,author
user1504,fkaddgsexl,user1504@example.com,Fdlroj,Lvuchscn,subscriber
user1505,tjsyieoool,user1505@example.com,Chvdef,Ftzgeudh,editor
user1506,pydvvbskir,user1506@example.com,Nvzmpn,Dekjrxqd,editor
user1507,afcuvedbrw,user1507@example.com,Cbsdvk,Nsoueczw,editor
user1508,brktxrxcxj,user1508@example.com,Gcbwvt,Teocjrch,editor
user1509,fspjvjbxam,user1509@example.com,Bbgkvi,Sgjpshoj,editor
user1510,ljtlejbejd,user1510@example.com,Ugzjlr,Frtdzdlv,subscriber
user1511,wsghjecqug,user1511@example.com,Dhxgjd,Bduqtubz,subscriber
user1512,bleczbpybm,user1512@example.com,Pstqya,Toauozka,author
user1513,qijoqlisdr,user1513@example.com,Fezrlw,Jyuhxsrr,author
user1514,dyawtyvevl,user1514@example.com,Krarfi,Dyfdogvz,editor
user1515,tgxyqgcsxz,user1515@example.com,Rzeljz,Fitabnli,author
user1516,hwxgorcedi,user1516@example.com,Yopqfd,Zvfdazzv,editor
user1517,royjklsqhi,user1517@example.com,Yrlayg,Jhfuhasq,editor
user1518,xhkvrpybdz,user1518@example.com,Rasxfz,Epcfrahk,author
user1519,itokzpvxui,user1519@example.com,Anqlyv,Mskcmfca,subscriber
user1520,rdycfkuuho,user1520@example.com,Wbfybl,Rvtxawzc,subscriber
